"Playlist URL","https://www.youtube.com/playlist?list=PLDKhPq_cLoCQ"
"Playlist title","ALL"
"Playlist author","Tony Noga"
"Videos","1386"

"Video ID","Title","Channel","Added At","Published At","Duration","Thumbnail URL"
"sM7VY9NfZ00","Turbulence","Emilia - Topic","2026-09-23","2024-08-28","3:59","https://i.ytimg.com/vi/sM7VY9NfZ00/hqdefault.jpg"
"yfz_n33gSo4","Турбофолка (Турбо Фолка)","Alekssa - Topic","2026-09-23","2026-07-24","3:11","https://i.ytimg.com/vi/yfz_n33gSo4/hqdefault.jpg"
"P95FlIq8yvE","Луд скандал","Emilia - Topic","2026-09-23","2026-08-01","3:16","https://i.ytimg.com/vi/P95FlIq8yvE/hqdefault.jpg"
"nPZRWTgWzyE","Chuy me","Djena - Topic","2026-09-23","2026-03-30","3:22","https://i.ytimg.com/vi/nPZRWTgWzyE/hqdefault.jpg"
"qnlaYqXiQfM","Dai Dai (Clean Bandit Remix)","Shakira - Topic","2026-09-23","2026-06-12","3:02","https://i.ytimg.com/vi/qnlaYqXiQfM/hqdefault.jpg"
"-eGM0IJc70Y","Bring Me To Life","Evanescence - Topic","2026-09-23","2018-10-11","3:56","https://i.ytimg.com/vi/-eGM0IJc70Y/hqdefault.jpg"
"PoSc3Mg0EB0","BMW","KSIOR - Topic","2026-09-23","2026-07-15","2:47","https://i.ytimg.com/vi/PoSc3Mg0EB0/hqdefault.jpg"
"nQY-L71Qbho","BATUT","KSIOR - Topic","2026-09-23","2026-07-03","2:42","https://i.ytimg.com/vi/nQY-L71Qbho/hqdefault.jpg"
"jxlHO2DP4YQ","@rihanna in TECH HOUSE mix... LIT or NAH? 😏🔥","dj_Gabi","2026-09-23","2026-05-07","1:15","https://i.ytimg.com/vi/jxlHO2DP4YQ/hqdefault.jpg"
"RSdy9K0gukQ","🔥 13-Year-Old Girl Produces THIS?! 😳","dj_Gabi","2026-09-23","2026-07-18","1:18","https://i.ytimg.com/vi/RSdy9K0gukQ/hqdefault.jpg"
"dPj_UNS_4pg","Voices","DJ_GABI - Topic","2026-09-23","2026-02-27","3:38","https://i.ytimg.com/vi/dPj_UNS_4pg/hqdefault.jpg"
"wQTOaFquPVw","Прахосмукачка","SIMONA - Topic","2026-09-23","2026-05-29","3:19","https://i.ytimg.com/vi/wQTOaFquPVw/hqdefault.jpg"
"IKKfj1erCsw","Accuracy","Bablon - Topic","2026-09-23","2026-09-11","2:06","https://i.ytimg.com/vi/IKKfj1erCsw/hqdefault.jpg"
"qCKYbsbXo0g","Jabbin","T—mic - Topic","2026-09-23","2026-03-05","1:42","https://i.ytimg.com/vi/qCKYbsbXo0g/hqdefault.jpg"
"u3ZEoyaF5ys","Phenomenon","T—mic - Topic","2026-09-23","2026-09-04","2:39","https://i.ytimg.com/vi/u3ZEoyaF5ys/hqdefault.jpg"
"CPa87s90cjc","Nunca Caeré","T—mic - Topic","2026-09-23","2026-09-04","2:57","https://i.ytimg.com/vi/CPa87s90cjc/hqdefault.jpg"
"rpUofdB1eaE","Terror","T—mic - Topic","2026-09-23","2026-09-04","3:13","https://i.ytimg.com/vi/rpUofdB1eaE/hqdefault.jpg"
"FXdZtPJrkHM","Beast","T—mic - Topic","2026-09-23","2026-09-04","4:18","https://i.ytimg.com/vi/FXdZtPJrkHM/hqdefault.jpg"
"Hhc9hDLhsdQ","Protect Your Own","T—mic - Topic","2026-09-23","2026-09-04","3:54","https://i.ytimg.com/vi/Hhc9hDLhsdQ/hqdefault.jpg"
"nf-97BXAuWE","Neka da e tayno","Desi Slava - Topic","2026-09-23","2026-03-26","3:36","https://i.ytimg.com/vi/nf-97BXAuWE/hqdefault.jpg"
"FmYn846Lfvc","Avtogol","Tedi Aleksandrova - Topic","2026-09-23","2026-03-26","3:52","https://i.ytimg.com/vi/FmYn846Lfvc/hqdefault.jpg"
"iTqEoCRV5zk","Аз и ти","SIMONA - Topic","2026-09-23","2024-07-09","3:24","https://i.ytimg.com/vi/iTqEoCRV5zk/hqdefault.jpg"
"6RZr4IJA1UE","Party Party","NastelBom - Topic","2026-09-23","2025-12-27","1:25","https://i.ytimg.com/vi/6RZr4IJA1UE/hqdefault.jpg"
"TlrNxJqODBc","Can't Help Falling In Love","Elvis Presley - Topic","2026-09-23","2017-02-19","2:58","https://i.ytimg.com/vi/TlrNxJqODBc/hqdefault.jpg"
"djj4nYbGvhY","Cabin Fever","Diggy Graves - Topic","2026-09-23","2024-02-08","2:59","https://i.ytimg.com/vi/djj4nYbGvhY/hqdefault.jpg"
"ifrXtDdx4rg","Любов за психолог","Dessita - Topic","2026-09-23","2025-12-05","3:04","https://i.ytimg.com/vi/ifrXtDdx4rg/hqdefault.jpg"
"pj54qe7HgC4","Tú Me Enamoraste","Marta Santos - Topic","2026-09-23","2026-06-23","3:04","https://i.ytimg.com/vi/pj54qe7HgC4/hqdefault.jpg"
"oKNwLuNFY0A","Lockdown","Denis Teofikov - Topic","2026-09-23","2026-03-26","2:38","https://i.ytimg.com/vi/oKNwLuNFY0A/hqdefault.jpg"
"P2sXvcvvjlM","Hoy","India Martinez - Topic","2026-09-23","2017-02-19","3:39","https://i.ytimg.com/vi/P2sXvcvvjlM/hqdefault.jpg"
"yqT3LQipGKQ","Sarà perchè ti amo","Ricchi E Poveri - Topic","2026-09-23","2021-02-25","3:36","https://i.ytimg.com/vi/yqT3LQipGKQ/hqdefault.jpg"
"9Ws0Sq-96dY","The Duck Dance","Bim Bam Bom - Topic","2026-09-23","2025-03-31","2:50","https://i.ytimg.com/vi/9Ws0Sq-96dY/hqdefault.jpg"
"wRW_jN0RS5Q","I Can Love You Like That","All-4-One - Topic","2026-09-23","2017-04-08","4:18","https://i.ytimg.com/vi/wRW_jN0RS5Q/hqdefault.jpg"
"GpQbMAIZVn8","Saving All My Love for You","Whitney Houston - Topic","2026-09-23","2017-02-19","3:58","https://i.ytimg.com/vi/GpQbMAIZVn8/hqdefault.jpg"
"8hptcTtHC9M","Po-poleka","Djena - Topic","2026-09-23","2026-04-07","3:23","https://i.ytimg.com/vi/8hptcTtHC9M/hqdefault.jpg"
"TpxUkr_K84w","Fear","T—mic - Topic","2026-09-23","2026-03-05","2:18","https://i.ytimg.com/vi/TpxUkr_K84w/hqdefault.jpg"
"N1rxjOWcG_0","Kingdom","T—mic - Topic","2026-09-23","2026-07-21","2:50","https://i.ytimg.com/vi/N1rxjOWcG_0/hqdefault.jpg"
"_QCAkXixCmk","Golden Era","T—mic - Topic","2026-09-23","2026-07-21","3:31","https://i.ytimg.com/vi/_QCAkXixCmk/hqdefault.jpg"
"lKUQxcSPHFA","I Hold the Block","T—mic - Topic","2026-09-23","2026-05-16","3:00","https://i.ytimg.com/vi/lKUQxcSPHFA/hqdefault.jpg"
"LCF4InCKkpU","Witness","T—mic - Topic","2026-09-23","2026-01-22","2:32","https://i.ytimg.com/vi/LCF4InCKkpU/hqdefault.jpg"
"skWtjEHbV6M","Illegal","T—mic - Topic","2026-09-23","2026-01-22","1:36","https://i.ytimg.com/vi/skWtjEHbV6M/hqdefault.jpg"
"2Cd99FK9PbI","Open Case","T—mic - Topic","2026-09-23","2026-05-16","2:48","https://i.ytimg.com/vi/2Cd99FK9PbI/hqdefault.jpg"
"XN470HWGfk4","Hostile","T—mic - Topic","2026-09-23","2026-01-22","2:29","https://i.ytimg.com/vi/XN470HWGfk4/hqdefault.jpg"
"NjaDMq1yiXs","Midnight","T—mic - Topic","2026-09-23","2026-05-16","3:12","https://i.ytimg.com/vi/NjaDMq1yiXs/hqdefault.jpg"
"Ww45xT-t29w","Code","T—mic - Topic","2026-09-23","2026-01-05","2:05","https://i.ytimg.com/vi/Ww45xT-t29w/hqdefault.jpg"
"BPH-JZMeIJY","Full Clip","T—mic - Topic","2026-09-23","2026-05-16","1:49","https://i.ytimg.com/vi/BPH-JZMeIJY/hqdefault.jpg"
"1Fos5AR56ro","Hawk","T—mic - Topic","2026-09-23","2026-07-21","2:28","https://i.ytimg.com/vi/1Fos5AR56ro/hqdefault.jpg"
"GK9p65Y5YCY","Mayhem","T—mic - Topic","2026-09-23","2026-07-21","1:49","https://i.ytimg.com/vi/GK9p65Y5YCY/hqdefault.jpg"
"5TlAPyvcUR4","Glock","T—mic - Topic","2026-09-23","2026-07-21","2:15","https://i.ytimg.com/vi/5TlAPyvcUR4/hqdefault.jpg"
"4JmmKG8JFcg","Lungless, Pt. 2","T—mic - Topic","2026-09-23","2026-01-05","2:15","https://i.ytimg.com/vi/4JmmKG8JFcg/hqdefault.jpg"
"-CmML4obPdA","Skeptic","T—mic - Topic","2026-09-23","2026-07-21","2:03","https://i.ytimg.com/vi/-CmML4obPdA/hqdefault.jpg"
"YQLG9O988y0","You're Still The One","Shania Twain - Topic","2026-09-23","2018-08-07","3:33","https://i.ytimg.com/vi/YQLG9O988y0/hqdefault.jpg"
"I43YvBR_S2c","Fancy","Reba McEntire - Topic","2026-09-23","2018-07-28","5:00","https://i.ytimg.com/vi/I43YvBR_S2c/hqdefault.jpg"
"C3InjkcC5YY","I Keep On Lovin' You","Reba McEntire - Topic","2026-09-23","2022-02-17","3:16","https://i.ytimg.com/vi/C3InjkcC5YY/hqdefault.jpg"
"TcLAQrjzyuc","Going Out Like That","Reba McEntire - Topic","2026-09-23","2018-08-15","3:43","https://i.ytimg.com/vi/TcLAQrjzyuc/hqdefault.jpg"
"w91LELVDuuI","If I Were A Boy","Reba McEntire - Topic","2026-09-23","2018-08-15","3:53","https://i.ytimg.com/vi/w91LELVDuuI/hqdefault.jpg"
"U1H9Pe0msCU","Sartse ot lego","Djena - Topic","2026-09-23","2026-04-02","3:37","https://i.ytimg.com/vi/U1H9Pe0msCU/hqdefault.jpg"
"ZcaG5lWbBLY","Da Get Together","WC - Topic","2026-09-23","2018-07-29","4:13","https://i.ytimg.com/vi/ZcaG5lWbBLY/hqdefault.jpg"
"Kc2S808lpus","Something 2 Live 4","WC - Topic","2026-09-23","2018-06-07","5:12","https://i.ytimg.com/vi/Kc2S808lpus/hqdefault.jpg"
"G9lm4e6m3k0","Ladies First (Radio Edit)","Queen Latifah - Topic","2026-09-23","2022-09-21","3:50","https://i.ytimg.com/vi/G9lm4e6m3k0/hqdefault.jpg"
"0oprsdDbF7U","Quiet Nights Of Quiet Stars","Queen Latifah - Topic","2026-09-23","2019-03-14","3:55","https://i.ytimg.com/vi/0oprsdDbF7U/hqdefault.jpg"
"QxjO4PwSfk8","I Want A Little Sugar In My Bowl","Queen Latifah - Topic","2026-09-23","2019-03-14","3:06","https://i.ytimg.com/vi/QxjO4PwSfk8/hqdefault.jpg"
"McstcGPbsOA","Don't Cry Baby","Queen Latifah - Topic","2026-09-23","2019-03-14","2:54","https://i.ytimg.com/vi/McstcGPbsOA/hqdefault.jpg"
"PrczAa6sJRs","No Work","Queen Latifah - Topic","2026-09-23","2018-07-26","2:52","https://i.ytimg.com/vi/PrczAa6sJRs/hqdefault.jpg"
"tdKmm7tAd5Y","Court Is In Session (Album Version (Explicit))","Queen Latifah - Topic","2026-09-23","2018-07-26","3:53","https://i.ytimg.com/vi/tdKmm7tAd5Y/hqdefault.jpg"
"PB8hm_IZVIs","La Gata Suelta","Luny Tunes - Topic","2026-09-23","2018-05-09","2:54","https://i.ytimg.com/vi/PB8hm_IZVIs/hqdefault.jpg"
"4wonfJ988aY","Tu Anda Sola (Explicit)","Luny Tunes - Topic","2026-09-23","2019-09-19","2:22","https://i.ytimg.com/vi/4wonfJ988aY/hqdefault.jpg"
"YTyLh3WA1kM","Луда","Gabriella - Topic","2026-09-23","2025-07-17","2:54","https://i.ytimg.com/vi/YTyLh3WA1kM/hqdefault.jpg"
"yD5AFjC4hq0","Габриела","Gabriella - Topic","2026-09-23","2025-12-07","2:23","https://i.ytimg.com/vi/yD5AFjC4hq0/hqdefault.jpg"
"5LIMd5ck-1M","Activated","MOUNT WESTMORE - Topic","2026-09-23","2025-03-14","4:00","https://i.ytimg.com/vi/5LIMd5ck-1M/hqdefault.jpg"
"kYeHZDJ3sfE","Lissette","Shaka y Benny - Topic","2026-09-23","2021-08-02","2:02","https://i.ytimg.com/vi/kYeHZDJ3sfE/hqdefault.jpg"
"vHNYhxUawrk","La Carretilla","Jenny - Topic","2026-09-23","2019-09-13","2:19","https://i.ytimg.com/vi/vHNYhxUawrk/hqdefault.jpg"
"jyHcxNUntqA","Calientame","Wisin & Yandel - Topic","2026-09-23","2023-10-12","3:05","https://i.ytimg.com/vi/jyHcxNUntqA/hqdefault.jpg"
"rIYMA6Sl0gE","La Matadora (Clean Version)","Mike Perfecto - Topic","2026-09-23","2014-11-08","3:09","https://i.ytimg.com/vi/rIYMA6Sl0gE/hqdefault.jpg"
"dbN11n6tC0I","Pegaté","Voltio - Topic","2026-09-23","2021-09-10","2:30","https://i.ytimg.com/vi/dbN11n6tC0I/hqdefault.jpg"
"4v-1UhoOyZY","Ven Esta Noche","L.A. Cartier - Topic","2026-09-23","2023-10-12","3:01","https://i.ytimg.com/vi/4v-1UhoOyZY/hqdefault.jpg"
"hATC-PyG758","Sal a la Disco","Angel Doze - Topic","2026-09-23","2021-06-17","3:08","https://i.ytimg.com/vi/hATC-PyG758/hqdefault.jpg"
"ASN02qDivyQ","Oye Como Va","Yaga & Mackie - Topic","2026-09-23","2020-07-27","3:31","https://i.ytimg.com/vi/ASN02qDivyQ/hqdefault.jpg"
"KzTXFH88AQY","Esta Noche","Tito - Topic","2026-09-23","2020-04-08","2:37","https://i.ytimg.com/vi/KzTXFH88AQY/hqdefault.jpg"
"3YScfkQTcbk","Castígala","The Money Machine - Topic","2026-09-23","2024-07-15","2:20","https://i.ytimg.com/vi/3YScfkQTcbk/hqdefault.jpg"
"___TDn95OEg","Acércate","Las Guanabanas - Topic","2026-09-23","2021-06-17","2:53","https://i.ytimg.com/vi/___TDn95OEg/hqdefault.jpg"
"Od4wb5AIlaw","Tu Y Yo","Nicky Jam - Topic","2026-09-23","2018-06-21","2:43","https://i.ytimg.com/vi/Od4wb5AIlaw/hqdefault.jpg"
"YkHYXITlhIE","Acorralala","DJ Rafy Mercenario - Topic","2026-09-23","2020-09-16","3:27","https://i.ytimg.com/vi/YkHYXITlhIE/hqdefault.jpg"
"ZRZEOqnB96E","Cuando Es/ Wao","Eddie Dee - Topic","2026-09-23","2018-06-21","3:21","https://i.ytimg.com/vi/ZRZEOqnB96E/hqdefault.jpg"
"xcAKcwsDosw","Tres Perros (feat. Angel Y Khriz)","Divino - Topic","2026-09-23","2026-03-18","3:06","https://i.ytimg.com/vi/xcAKcwsDosw/hqdefault.jpg"
"6KHtR4DsNMY","Paleta","Wisin & Yandel - Topic","2026-09-23","2019-12-05","2:56","https://i.ytimg.com/vi/6KHtR4DsNMY/hqdefault.jpg"
"srb1-hWLdj4","Furia de Mentira","Tego Calderón - Topic","2026-09-23","2021-06-17","2:58","https://i.ytimg.com/vi/srb1-hWLdj4/hqdefault.jpg"
"55fgY31wVis","Aqui Esta Tu Caldo","Daddy Yankee - Topic","2026-09-23","2020-07-27","3:33","https://i.ytimg.com/vi/55fgY31wVis/hqdefault.jpg"
"tUrvkVMtToA","Suelta Mami","Don Omar - Topic","2026-09-23","2015-02-21","2:22","https://i.ytimg.com/vi/tUrvkVMtToA/hqdefault.jpg"
"Fcn6fWoDeds","Me Voy Pa'l Party","Nicky Jam - Topic","2026-09-23","2020-02-06","3:00","https://i.ytimg.com/vi/Fcn6fWoDeds/hqdefault.jpg"
"jKSdH5Z5V2o","Bella Dama","Luny Tunes - Topic","2026-09-23","2018-05-09","3:17","https://i.ytimg.com/vi/jKSdH5Z5V2o/hqdefault.jpg"
"m3uYeDn9kbE","Si Te Preguntan","Luny Tunes - Topic","2026-09-23","2018-05-09","2:30","https://i.ytimg.com/vi/m3uYeDn9kbE/hqdefault.jpg"
"dOKl4fUE8vU","Dale Don Mas Duro","Don Omar - Topic","2026-09-23","2018-09-15","2:43","https://i.ytimg.com/vi/dOKl4fUE8vU/hqdefault.jpg"
"pT1Bm60SorE","Sin Él","Wisin & Yandel - Topic","2026-09-23","2019-12-05","2:53","https://i.ytimg.com/vi/pT1Bm60SorE/hqdefault.jpg"
"iD0ZM5KvBCM","Vamo a Darle","Johnny Prez - Topic","2026-09-23","2021-08-02","3:02","https://i.ytimg.com/vi/iD0ZM5KvBCM/hqdefault.jpg"
"xEwWkU_fW18","El Muro","Daddy Yankee - Topic","2026-09-23","2025-01-07","3:00","https://i.ytimg.com/vi/xEwWkU_fW18/hqdefault.jpg"
"b1AgcWJW3a4","Presión (Album Version)","Wisin & Yandel - Topic","2026-09-23","2024-07-11","3:04","https://i.ytimg.com/vi/b1AgcWJW3a4/hqdefault.jpg"
"-d_s2Na95g0","Buscame Yal","Cheka - Topic","2026-09-23","2014-11-08","4:08","https://i.ytimg.com/vi/-d_s2Na95g0/hqdefault.jpg"
"c5-f6QUfb7w","2 Mujeres","Daddy Yankee - Topic","2026-09-23","2025-01-07","3:10","https://i.ytimg.com/vi/c5-f6QUfb7w/hqdefault.jpg"
"BxfXlTqV1Sc","Fichureo (feat. Guelo Star)","Maximan - Topic","2026-09-23","2014-11-20","3:34","https://i.ytimg.com/vi/BxfXlTqV1Sc/hqdefault.jpg"
"JGAWj55X1lA","Loba","Dj Frank - Topic","2026-09-23","2021-04-23","3:01","https://i.ytimg.com/vi/JGAWj55X1lA/hqdefault.jpg"
"U2oISTgxBnY","Desafío Remix","Release - Topic","2026-09-23","2019-09-17","3:56","https://i.ytimg.com/vi/U2oISTgxBnY/hqdefault.jpg"
"H2u2dMYKUDE","Tocarte","Plan B - Topic","2026-09-23","2020-04-08","2:25","https://i.ytimg.com/vi/H2u2dMYKUDE/hqdefault.jpg"
"QMHoSbxA0vU","Gata Pshyco","Wibal Y Alex - Topic","2026-09-23","2019-09-13","2:52","https://i.ytimg.com/vi/QMHoSbxA0vU/hqdefault.jpg"
"e9NRG8NDyMk","Llamé Pa' Verte (Bailando Sexy)","Wisin & Yandel - Topic","2026-09-23","2019-12-05","3:15","https://i.ytimg.com/vi/e9NRG8NDyMk/hqdefault.jpg"
"3FzLe5JnVoM","Acorralala","Don Omar - Topic","2026-09-23","2020-07-08","3:30","https://i.ytimg.com/vi/3FzLe5JnVoM/hqdefault.jpg"
"erZLM82Ddbk","Golpe de Estado","Daddy Yankee - Topic","2026-09-23","2025-01-07","3:07","https://i.ytimg.com/vi/erZLM82Ddbk/hqdefault.jpg"
"Q05gac1bRsg","Manigueta","Wisin & Yandel - Topic","2026-09-23","2019-12-05","2:48","https://i.ytimg.com/vi/Q05gac1bRsg/hqdefault.jpg"
"CQwssiMzQ7w","Las Guanabanas: Vamo Pa' La Disco","Dj Nelson - Topic","2026-09-23","2020-04-08","2:18","https://i.ytimg.com/vi/CQwssiMzQ7w/hqdefault.jpg"
"0YVHnPGeN_k","En la Disco Bailoteo","Wisin & Yandel - Topic","2026-09-23","2021-06-17","2:47","https://i.ytimg.com/vi/0YVHnPGeN_k/hqdefault.jpg"
"cMIb19OYT7M","Miralos","Don Omar - Topic","2026-09-23","2021-06-17","3:12","https://i.ytimg.com/vi/cMIb19OYT7M/hqdefault.jpg"
"H1ORskgFUGg","Se activaron los anormales (feat. Daddy Yankee)","Divino - Topic","2026-09-23","2026-03-18","3:14","https://i.ytimg.com/vi/H1ORskgFUGg/hqdefault.jpg"
"s5KhiZjFhAw","Dejala","Don Omar - Topic","2026-09-23","2021-08-02","2:09","https://i.ytimg.com/vi/s5KhiZjFhAw/hqdefault.jpg"
"mPOKvZ7yJac","Baila Morena (with Luny Tunes, Noriega)","Luny Tunes - Topic","2026-09-23","2020-04-04","3:08","https://i.ytimg.com/vi/mPOKvZ7yJac/hqdefault.jpg"
"nG2VL7eHyIM","A Romper La Disco feat. Daddy Yankee","Tommy Viera - Topic","2026-09-23","2019-09-13","2:49","https://i.ytimg.com/vi/nG2VL7eHyIM/hqdefault.jpg"
"sglnTt-b4Ik","No Pierdas Tiempo feat. Tony Dize","Wisin & Yandel - Topic","2026-09-23","2020-07-27","2:36","https://i.ytimg.com/vi/sglnTt-b4Ik/hqdefault.jpg"
"ybmmqpKoHhY","Bailando (feat. Nina Sky)","Yaga & Mackie - Topic","2026-09-23","2020-06-12","3:11","https://i.ytimg.com/vi/ybmmqpKoHhY/hqdefault.jpg"
"0P34BLpkr68","Ring Ring","Reba McEntire - Topic","2026-09-23","2026-07-23","3:28","https://i.ytimg.com/vi/0P34BLpkr68/hqdefault.jpg"
"SBDTLgASPEM","Eso Ehh..!!!","Alexis Y Fido - Topic","2026-09-23","2015-10-16","3:16","https://i.ytimg.com/vi/SBDTLgASPEM/hqdefault.jpg"
"dk0kAlqlUYw","Caserios #2","Don Omar - Topic","2026-09-23","2018-07-29","4:06","https://i.ytimg.com/vi/dk0kAlqlUYw/hqdefault.jpg"
"r0NlLD9ifXo","King Daddy","Daddy Yankee - Topic","2026-09-23","2025-01-07","2:32","https://i.ytimg.com/vi/r0NlLD9ifXo/hqdefault.jpg"
"EQMxdWkFDN0","Buscando Placer","Nicky Jam - Topic","2026-09-23","2020-07-27","2:04","https://i.ytimg.com/vi/EQMxdWkFDN0/hqdefault.jpg"
"BEdxaBApBNs","Pasto Y Pelea","Don Omar - Topic","2026-09-23","2020-07-27","2:52","https://i.ytimg.com/vi/BEdxaBApBNs/hqdefault.jpg"
"Dk_KjCA2LUI","Intocable","Don Omar - Topic","2026-09-23","2018-07-29","2:47","https://i.ytimg.com/vi/Dk_KjCA2LUI/hqdefault.jpg"
"VovMkeIvxs8","Tumbando Fronte","Alberto Stylee - Topic","2026-09-23","2015-02-21","2:52","https://i.ytimg.com/vi/VovMkeIvxs8/hqdefault.jpg"
"v7a-8MnYeC0","Aventura","Luny Tunes - Topic","2026-09-23","2018-05-09","2:51","https://i.ytimg.com/vi/v7a-8MnYeC0/hqdefault.jpg"
"XydOalMA1Ks","Wisin Matalos","Wisin - Topic","2026-09-23","2023-10-12","2:43","https://i.ytimg.com/vi/XydOalMA1Ks/hqdefault.jpg"
"z3J1BL35xRI","La Noche Esta Buena","Don Omar - Topic","2026-09-23","2018-07-29","2:25","https://i.ytimg.com/vi/z3J1BL35xRI/hqdefault.jpg"
"v4OA5DjtZQk","Provócandome","Don Omar - Topic","2026-09-23","2018-07-29","2:13","https://i.ytimg.com/vi/v4OA5DjtZQk/hqdefault.jpg"
"8yLYJvbU8XI","Desafio (Intro)","Don Omar - Topic","2026-09-23","2021-06-17","3:56","https://i.ytimg.com/vi/8yLYJvbU8XI/hqdefault.jpg"
"pGs2rETnzoE","Entre Tu y Yo","Don Omar - Topic","2026-09-23","2018-05-03","3:05","https://i.ytimg.com/vi/pGs2rETnzoE/hqdefault.jpg"
"l9IeEstdAoQ","Baila Morena","Don Omar - Topic","2026-09-23","2018-05-10","2:55","https://i.ytimg.com/vi/l9IeEstdAoQ/hqdefault.jpg"
"sIwkVTHFb64","Zumba","Don Omar - Topic","2026-09-23","2019-07-18","4:24","https://i.ytimg.com/vi/sIwkVTHFb64/hqdefault.jpg"
"qdGvQweTghA","Danzar Kuduro (feat. Lucenzo)","Don Omar - Topic","2026-09-23","2020-06-04","3:15","https://i.ytimg.com/vi/qdGvQweTghA/hqdefault.jpg"
"b5lTYJF4ZhE","Te Quiero Pa´Mi","Don Omar - Topic","2026-09-23","2018-07-31","3:32","https://i.ytimg.com/vi/b5lTYJF4ZhE/hqdefault.jpg"
"aEn2XEmlQWc","Copped And Dropped","The Comrads - Topic","2026-09-23","2016-03-24","3:25","https://i.ytimg.com/vi/aEn2XEmlQWc/hqdefault.jpg"
"A3eygEwNuAE","Dem Comrads","The Comrads - Topic","2026-09-23","2016-03-24","4:17","https://i.ytimg.com/vi/A3eygEwNuAE/hqdefault.jpg"
"bMJL9WdUCzo","Bustas","The Comrads - Topic","2026-09-23","2017-02-18","3:23","https://i.ytimg.com/vi/bMJL9WdUCzo/hqdefault.jpg"
"XHAxIwgQS0U","Streets Is Talking","The Comrads - Topic","2026-09-23","2016-03-24","4:17","https://i.ytimg.com/vi/XHAxIwgQS0U/hqdefault.jpg"
"oWwSGKy-Mjs","All Nighter","The Comrads - Topic","2026-09-23","2016-03-24","3:32","https://i.ytimg.com/vi/oWwSGKy-Mjs/hqdefault.jpg"
"nI7Whnpb1wQ","That There","The Comrads - Topic","2026-09-23","2016-03-24","4:17","https://i.ytimg.com/vi/nI7Whnpb1wQ/hqdefault.jpg"
"xRF7X9zj0Ac","Bom Bom","The Comrads - Topic","2026-09-23","2016-03-24","3:34","https://i.ytimg.com/vi/xRF7X9zj0Ac/hqdefault.jpg"
"bbbem9DMZC0","Hey You","The Comrads - Topic","2026-09-23","2017-02-18","4:17","https://i.ytimg.com/vi/bbbem9DMZC0/hqdefault.jpg"
"pR6aHI3FOsc","B*tch Made N*ggas","The Comrads - Topic","2026-09-23","2017-02-18","4:05","https://i.ytimg.com/vi/pR6aHI3FOsc/hqdefault.jpg"
"NgmSEmKuGvo","Speak On It","The Comrads - Topic","2026-09-23","2016-03-24","4:17","https://i.ytimg.com/vi/NgmSEmKuGvo/hqdefault.jpg"
"DJys2GRL8eE","Click Click Bang","The Comrads - Topic","2026-09-23","2016-03-24","3:17","https://i.ytimg.com/vi/DJys2GRL8eE/hqdefault.jpg"
"l-2JxbIkhI0","Wanna Be Gangstas","The Comrads - Topic","2026-09-23","2016-03-24","3:58","https://i.ytimg.com/vi/l-2JxbIkhI0/hqdefault.jpg"
"fzvKL8EhFqU","Playa Hata","The Comrads - Topic","2026-09-23","2017-02-18","3:12","https://i.ytimg.com/vi/fzvKL8EhFqU/hqdefault.jpg"
"_76RAaK9jtc","Get At Me (Call Me)","The Comrads - Topic","2026-09-23","2017-02-20","4:18","https://i.ytimg.com/vi/_76RAaK9jtc/hqdefault.jpg"
"E_CGrSzJ7y8","Die Hard","The Comrads - Topic","2026-09-23","2017-02-19","3:13","https://i.ytimg.com/vi/E_CGrSzJ7y8/hqdefault.jpg"
"k8FScKEayU0","Game Recognize Game","The Comrads - Topic","2026-09-23","2017-02-19","3:36","https://i.ytimg.com/vi/k8FScKEayU0/hqdefault.jpg"
"oOY8io2_rk0","Westside Connect OGs","The Comrads - Topic","2026-09-23","2017-02-20","4:05","https://i.ytimg.com/vi/oOY8io2_rk0/hqdefault.jpg"
"-eyzA2kJyaU","Before Hip Hop","Ice Cube - Topic","2026-09-23","2025-09-04","3:51","https://i.ytimg.com/vi/-eyzA2kJyaU/hqdefault.jpg"
"QxQbN3yEbrE","9 MIN MASHUP: David Guetta, Miss Monique, Bakermat & More | Ariana DJ Set 💿🚀","ARI RIVA","2026-09-23","2026-05-16","9:11","https://i.ytimg.com/vi/QxQbN3yEbrE/hqdefault.jpg"
"bY4npgSSI6M","As A Blonde","Fefe Dobson - Topic","2026-09-23","2018-07-31","2:50","https://i.ytimg.com/vi/bY4npgSSI6M/hqdefault.jpg"
"IeClY8HRrS8","You Bitch (Album Version)","Fefe Dobson - Topic","2026-09-23","2018-07-31","3:21","https://i.ytimg.com/vi/IeClY8HRrS8/hqdefault.jpg"
"rt60Bee2nLY","Thanks For Nothing (Album Version)","Fefe Dobson - Topic","2026-09-23","2018-07-31","3:18","https://i.ytimg.com/vi/rt60Bee2nLY/hqdefault.jpg"
"cy64gTd28KY","AJ","Tedi Aleksandrova - Topic","2026-09-23","2026-08-10","3:25","https://i.ytimg.com/vi/cy64gTd28KY/hqdefault.jpg"
"PLBRHXUe5gI","No One Else","Costa Mee - Topic","2026-09-23","2025-09-30","6:00","https://i.ytimg.com/vi/PLBRHXUe5gI/hqdefault.jpg"
"hqLzhJKdytI","Everything About Love (Nikko Culture Remix) (Nikko Culture Remix)","Costa Mee - Topic","2026-09-23","2019-10-17","5:09","https://i.ytimg.com/vi/hqLzhJKdytI/hqdefault.jpg"
"rB2Y5Ush230","What It Feels","Costa Mee - Topic","2026-09-23","2025-06-17","5:40","https://i.ytimg.com/vi/rB2Y5Ush230/hqdefault.jpg"
"xRcubVNgskQ","Feel The Rush","Costa Mee - Topic","2026-09-23","2025-12-02","5:43","https://i.ytimg.com/vi/xRcubVNgskQ/hqdefault.jpg"
"XuvCyBv5ifA","On My Mind","Costa Mee - Topic","2026-09-23","2026-05-12","5:28","https://i.ytimg.com/vi/XuvCyBv5ifA/hqdefault.jpg"
"sTEg1iwiyfY","You Can Have It All","Costa Mee - Topic","2026-09-23","2025-03-18","6:14","https://i.ytimg.com/vi/sTEg1iwiyfY/hqdefault.jpg"
"qWlfQ_5y3AQ","Break My Heart","Costa Mee - Topic","2026-09-23","2025-04-08","6:00","https://i.ytimg.com/vi/qWlfQ_5y3AQ/hqdefault.jpg"
"XZQ7WuvMw9k","Feel Your Lovin' (feat. Paul Lock) (Paul Lock Remix)","Costa Mee - Topic","2026-09-23","2021-02-04","5:33","https://i.ytimg.com/vi/XZQ7WuvMw9k/hqdefault.jpg"
"-uOP_wZMUT4","Let It Begin","Big Daddy Weave - Topic","2026-09-23","2025-03-27","4:13","https://i.ytimg.com/vi/-uOP_wZMUT4/hqdefault.jpg"
"2UNTr0p1sjw","Май полудях","SIMONA - Topic","2026-09-23","2025-03-22","2:57","https://i.ytimg.com/vi/2UNTr0p1sjw/hqdefault.jpg"
"8XL4zsBbUvs","Call the Cops","Xzibit - Topic","2026-09-23","2025-12-04","2:44","https://i.ytimg.com/vi/8XL4zsBbUvs/hqdefault.jpg"
"QENmLTSzg9o","Redman - SHIZNIT [J@q Boi Be@tz Freestyle]","Redman","2026-09-23","2024-11-15","2:21","https://i.ytimg.com/vi/QENmLTSzg9o/hqdefault.jpg"
"rukX6H7Unpk","Freedumb","Ice Cube - Topic","2026-09-23","2025-09-11","2:23","https://i.ytimg.com/vi/rukX6H7Unpk/hqdefault.jpg"
"1bgpUeRpmnc","My Name (Explicit Version)","Xzibit - Topic","2026-09-23","2017-02-09","4:33","https://i.ytimg.com/vi/1bgpUeRpmnc/hqdefault.jpg"
"jT1AujHhv_Y","X","Xzibit - Topic","2026-09-23","2017-02-09","4:16","https://i.ytimg.com/vi/jT1AujHhv_Y/hqdefault.jpg"
"7Hfi1IVp9_I","Big Ballers","The Comrads - Topic","2026-09-23","2017-02-26","3:39","https://i.ytimg.com/vi/7Hfi1IVp9_I/hqdefault.jpg"
"EEpvxutdFgM","Thug Niggas","The Comrads - Topic","2026-09-23","2016-03-24","3:55","https://i.ytimg.com/vi/EEpvxutdFgM/hqdefault.jpg"
"Wokn9YY8JCU","Homeboyz","The Comrads - Topic","2026-09-23","2017-02-18","3:15","https://i.ytimg.com/vi/Wokn9YY8JCU/hqdefault.jpg"
"DaaFuET6iU8","Caps (feat. Tha Road Dawgs)","Allfrumtha I - Topic","2026-09-23","2019-07-03","4:19","https://i.ytimg.com/vi/DaaFuET6iU8/hqdefault.jpg"
"noPsghYC7AE","Best of Things","Xzibit - Topic","2026-09-23","2017-02-09","3:21","https://i.ytimg.com/vi/noPsghYC7AE/hqdefault.jpg"
"RNCoVr-pMSI","Backyard Boogie","Mack 10 - Topic","2026-09-23","2014-11-08","4:20","https://i.ytimg.com/vi/RNCoVr-pMSI/hqdefault.jpg"
"u4fKCR4t1nM","Lost Souls","2Pac - Topic","2026-09-23","2023-03-09","4:42","https://i.ytimg.com/vi/u4fKCR4t1nM/hqdefault.jpg"
"ecg-Og92tok","Fo All Y'all","Caviar - Topic","2026-09-23","2021-06-19","4:38","https://i.ytimg.com/vi/ecg-Og92tok/hqdefault.jpg"
"93qfJmq3H9A","If It Ain't Ruff","WC - Topic","2026-09-23","2014-03-13","3:45","https://i.ytimg.com/vi/93qfJmq3H9A/hqdefault.jpg"
"9nyiaEuT9Bw","Da ti bada korona","Djena - Topic","2026-09-23","2026-04-03","3:32","https://i.ytimg.com/vi/9nyiaEuT9Bw/hqdefault.jpg"
"dC0-8Yu-z7M","100 zhivota","Galena - Topic","2026-09-23","2026-03-26","4:14","https://i.ytimg.com/vi/dC0-8Yu-z7M/hqdefault.jpg"
"nwv3CpodOjQ","Разкажи ѝ","Dessita - Topic","2026-09-23","2025-01-28","3:32","https://i.ytimg.com/vi/nwv3CpodOjQ/hqdefault.jpg"
"xh_QFl5jhWI","Connectin’ The Plots","WC - Topic","2026-09-23","2014-11-08","4:29","https://i.ytimg.com/vi/xh_QFl5jhWI/hqdefault.jpg"
"abD29UxnECo","Git Cha Bang On","Daddy V - Topic","2026-09-23","2014-10-04","3:28","https://i.ytimg.com/vi/abD29UxnECo/hqdefault.jpg"
"ctN3c643UU0","In The Ghetto","WC - Topic","2026-09-23","2024-11-28","4:26","https://i.ytimg.com/vi/ctN3c643UU0/hqdefault.jpg"
"PqUJkJ8XqsI","Frontline","WC - Topic","2026-09-23","2025-03-10","5:07","https://i.ytimg.com/vi/PqUJkJ8XqsI/hqdefault.jpg"
"njJQvF97G_w","What's Good feat. Kokane","WC - Topic","2026-09-23","2025-03-10","5:04","https://i.ytimg.com/vi/njJQvF97G_w/hqdefault.jpg"
"D_UPDmQZy_w","Give it Up","WC - Topic","2026-09-23","2019-04-22","4:03","https://i.ytimg.com/vi/D_UPDmQZy_w/hqdefault.jpg"
"vwoi7AyzPoE","Call It What You Want","WC - Topic","2026-09-23","2016-06-10","4:30","https://i.ytimg.com/vi/vwoi7AyzPoE/hqdefault.jpg"
"wu89mtwEzPI","It's All Bad","WC - Topic","2026-09-23","2016-06-10","4:16","https://i.ytimg.com/vi/wu89mtwEzPI/hqdefault.jpg"
"w9GcIQmI3yY","Like That","WC - Topic","2026-09-23","2016-06-10","4:30","https://i.ytimg.com/vi/w9GcIQmI3yY/hqdefault.jpg"
"yfmEbWXcX54","G-S**t","Ice Cube - Topic","2026-09-23","2014-09-25","4:16","https://i.ytimg.com/vi/yfmEbWXcX54/hqdefault.jpg"
"3JM4W79RLGE","So Hard","WC - Topic","2026-09-23","2018-07-29","4:16","https://i.ytimg.com/vi/3JM4W79RLGE/hqdefault.jpg"
"KN5tUReTlVs","Paper Trippin'","WC - Topic","2026-09-23","2019-02-05","4:04","https://i.ytimg.com/vi/KN5tUReTlVs/hqdefault.jpg"
"4vKJAJY2j9U","Keep Hustlin","WC - Topic","2026-09-23","2016-06-10","3:40","https://i.ytimg.com/vi/4vKJAJY2j9U/hqdefault.jpg"
"SRwiAWXL98U","Wanna Ride","WC - Topic","2026-09-23","2018-07-29","4:20","https://i.ytimg.com/vi/SRwiAWXL98U/hqdefault.jpg"
"6E3gYAPPJRI","Better Days","WC - Topic","2026-09-23","2016-06-10","3:54","https://i.ytimg.com/vi/6E3gYAPPJRI/hqdefault.jpg"
"hp1Jmc2JW4U","Gang Related","WC - Topic","2026-09-23","2023-03-09","4:45","https://i.ytimg.com/vi/hp1Jmc2JW4U/hqdefault.jpg"
"OcMLUyedonU","Lets Make A Deal","WC - Topic","2026-09-23","2018-07-29","5:18","https://i.ytimg.com/vi/OcMLUyedonU/hqdefault.jpg"
"RaWhz7BaGIM","The Shadiest One","WC - Topic","2026-09-23","2018-07-29","4:27","https://i.ytimg.com/vi/RaWhz7BaGIM/hqdefault.jpg"
"1uMIvotmRas","Hog","WC - Topic","2026-09-23","2016-06-10","4:25","https://i.ytimg.com/vi/1uMIvotmRas/hqdefault.jpg"
"G4OHP_2kk8g","Cheddar","WC - Topic","2026-09-23","2018-07-29","4:03","https://i.ytimg.com/vi/G4OHP_2kk8g/hqdefault.jpg"
"Q2fl_46G4Lk","Just Clownin'","WC - Topic","2026-09-23","2018-07-29","4:00","https://i.ytimg.com/vi/Q2fl_46G4Lk/hqdefault.jpg"
"HM14vDsIRkg","The Streets (Re-Twist)","WC - Topic","2026-09-23","2018-07-29","3:48","https://i.ytimg.com/vi/HM14vDsIRkg/hqdefault.jpg"
"TLE4CnqfBCs","Cheddar","WC - Topic","2026-09-23","2016-06-10","4:03","https://i.ytimg.com/vi/TLE4CnqfBCs/hqdefault.jpg"
"1rMfkeEv8zs","How He Loves (Live)","Jesus Culture - Topic","2026-09-23","2018-07-28","8:54","https://i.ytimg.com/vi/1rMfkeEv8zs/hqdefault.jpg"
"oG2KzQhWfmg","The Gospel","Olivia Lane - Topic","2026-09-23","2025-08-28","3:22","https://i.ytimg.com/vi/oG2KzQhWfmg/hqdefault.jpg"
"08NXKsXK7XU","Breaking Free","Troy - Topic","2026-09-23","2018-10-29","3:28","https://i.ytimg.com/vi/08NXKsXK7XU/hqdefault.jpg"
"JQ-39y1lRR4","Lord I Give You My Heart","GT Worship - Topic","2026-09-23","2022-06-11","3:25","https://i.ytimg.com/vi/JQ-39y1lRR4/hqdefault.jpg"
"DMV0Fda3ylk","Mighty Name Of Jesus","Hope Darst - Topic","2026-09-23","2025-08-21","3:44","https://i.ytimg.com/vi/DMV0Fda3ylk/hqdefault.jpg"
"LQaY_GBK6uA","Mighty Name of Jesus (Live)","The Belonging Co - Topic","2026-09-23","2024-09-19","8:03","https://i.ytimg.com/vi/LQaY_GBK6uA/hqdefault.jpg"
"nxhg5vh8MjA","Violin Soul","lumine wave - Topic","2026-09-23","2023-05-29","1:13","https://i.ytimg.com/vi/nxhg5vh8MjA/hqdefault.jpg"
"7BmX4lZQPoY","Hey Sexy Lady","Shaggy - Topic","2026-09-23","2018-05-24","3:20","https://i.ytimg.com/vi/7BmX4lZQPoY/hqdefault.jpg"
"7qfbi3HACV8","Grand Theft Auto: San Andreas (Official Theme Song)","Michael Hunter - Topic","2026-09-23","2023-10-05","1:29","https://i.ytimg.com/vi/7qfbi3HACV8/hqdefault.jpg"
"36ydFET_1SE","Tupac & Mary J. Blige - Legendary Remix 🔥 (Still Ballin x Family Affair)","VIBE4U2","2026-09-23","2025-06-29","3:20","https://i.ytimg.com/vi/36ydFET_1SE/hqdefault.jpg"
"LRt6TdSvHag","California Love (Original Version)","2Pac - Topic","2026-09-23","2018-10-19","4:45","https://i.ytimg.com/vi/LRt6TdSvHag/hqdefault.jpg"
"Rybjj4Gpm_A","Aria","Argy - Topic","2026-09-23","2023-11-29","3:57","https://i.ytimg.com/vi/Rybjj4Gpm_A/hqdefault.jpg"
"3kxwG7BOpVI","Baila Morena (feat. Noriega, Luny Tunes, Don Omar - Reggaepop Mix)","Hector & Tito - Topic","2026-09-23","2019-07-16","2:39","https://i.ytimg.com/vi/3kxwG7BOpVI/hqdefault.jpg"
"yGuVsnDrHk0","El Telefono - Reggaeton Latino","Reggaeton Latino - Topic","2026-09-23","2024-01-10","3:58","https://i.ytimg.com/vi/yGuVsnDrHk0/hqdefault.jpg"
"h3WFI_NIZ2o","Dale Don Dale","Don Omar - Topic","2026-09-23","2018-07-29","3:33","https://i.ytimg.com/vi/h3WFI_NIZ2o/hqdefault.jpg"
"z4KceFoxeeU","So Real","Andreea D - Topic","2026-09-23","2016-06-10","3:15","https://i.ytimg.com/vi/z4KceFoxeeU/hqdefault.jpg"
"fGdUhosUwKc","Stir It Up (From ""Beverly Hills Cop"" Soundtrack)","Patti LaBelle - Topic","2026-09-23","2018-07-26","3:37","https://i.ytimg.com/vi/fGdUhosUwKc/hqdefault.jpg"
"51WQTGH1ixs","Lady Marmalade","Patti LaBelle - Topic","2026-09-23","2015-04-04","3:56","https://i.ytimg.com/vi/51WQTGH1ixs/hqdefault.jpg"
"hf6mxXVpmDo","On My Own","Patti LaBelle - Topic","2026-09-23","2019-02-15","4:51","https://i.ytimg.com/vi/hf6mxXVpmDo/hqdefault.jpg"
"PkNxMkFTqwU","My Humps","The Black Eyed Peas - Topic","2026-09-23","2025-06-05","5:27","https://i.ytimg.com/vi/PkNxMkFTqwU/hqdefault.jpg"
"NydVTlTMk48","Naughty Girl","Beyoncé - Topic","2026-09-23","2017-01-28","3:29","https://i.ytimg.com/vi/NydVTlTMk48/hqdefault.jpg"
"MiSnhcolFGk","Beautiful Liar","Beyoncé - Topic","2026-09-23","2017-02-19","3:20","https://i.ytimg.com/vi/MiSnhcolFGk/hqdefault.jpg"
"Hmk9PXQHP70","Say My Name","Beyoncé - Topic","2026-09-23","2017-02-19","4:29","https://i.ytimg.com/vi/Hmk9PXQHP70/hqdefault.jpg"
"T6xbOPSUe8M","Crazy In Love","Beyoncé - Topic","2026-09-23","2017-01-28","3:57","https://i.ytimg.com/vi/T6xbOPSUe8M/hqdefault.jpg"
"o3GWROnzp3U","Eli Malaj - Jan çu rosat prej Peqinit kane zan vend ne Barbullush (LIVE)","Dionis Bashaj - Topic","2026-09-23","2025-11-13","2:22","https://i.ytimg.com/vi/o3GWROnzp3U/hqdefault.jpg"
"82JzUymWdaE","Glass Strings","Peacelover Music - Topic","2026-09-23","2026-05-12","1:27","https://i.ytimg.com/vi/82JzUymWdaE/hqdefault.jpg"
"x3bmEeqEkn4","Dark Strings","Peacelover Music - Topic","2026-09-23","2026-05-12","1:38","https://i.ytimg.com/vi/x3bmEeqEkn4/hqdefault.jpg"
"oic-o17VNIA","STAY WITH ME","Alek Human - Topic","2026-09-23","2026-04-23","3:02","https://i.ytimg.com/vi/oic-o17VNIA/hqdefault.jpg"
"X4TRjrQU0ck","Kanita - Dont Let Me Go (Gon Haziri Remix) | #SOUNDOFSOUL","Sound Of Soul","2026-09-23","2017-01-11","4:26","https://i.ytimg.com/vi/X4TRjrQU0ck/hqdefault.jpg"
"ysxZAljeaQs","Играчка","Djordan - Topic","2026-09-23","2026-08-03","3:35","https://i.ytimg.com/vi/ysxZAljeaQs/hqdefault.jpg"
"__KnGE4UZY0","Lonely (Suprafive Remix)","Kanita - Topic","2026-09-23","2021-04-06","3:09","https://i.ytimg.com/vi/__KnGE4UZY0/hqdefault.jpg"
"VQwLcTQAkjs","Iku buzza","Cllevio - Topic","2026-09-23","2025-11-11","3:34","https://i.ytimg.com/vi/VQwLcTQAkjs/hqdefault.jpg"
"LojkqiP6_ug","RACHE","Brudi030 - Topic","2026-09-23","2026-03-05","2:14","https://i.ytimg.com/vi/LojkqiP6_ug/hqdefault.jpg"
"fGOBYveQ1bk","KEHRSEITE DER MEDAILLE","18 Karat - Topic","2026-09-23","2022-01-06","2:11","https://i.ytimg.com/vi/fGOBYveQ1bk/hqdefault.jpg"
"bFqzFfdAgvo","A6","DOCI - Topic","2026-09-23","2026-01-15","2:07","https://i.ytimg.com/vi/bFqzFfdAgvo/hqdefault.jpg"
"16zjUQ8mkwU","Jehona E Shqipes","DMC a.k.a Babloki - Topic","2026-09-23","2020-04-03","2:48","https://i.ytimg.com/vi/16zjUQ8mkwU/hqdefault.jpg"
"pEqP1KEZDtc","Backfire","Carpe Diem - Topic","2026-09-23","2026-07-03","2:12","https://i.ytimg.com/vi/pEqP1KEZDtc/hqdefault.jpg"
"Seg_0aljjls","Day One","Carpe Diem - Topic","2026-09-23","2026-06-23","2:50","https://i.ytimg.com/vi/Seg_0aljjls/hqdefault.jpg"
"giugL2LGU5o","Easy Drift","Carpe Diem - Topic","2026-09-23","2026-04-28","1:32","https://i.ytimg.com/vi/giugL2LGU5o/hqdefault.jpg"
"xUWcY3NkY3c","Flip The Scene Quick","Carpe Diem - Topic","2026-09-23","2026-04-28","1:10","https://i.ytimg.com/vi/xUWcY3NkY3c/hqdefault.jpg"
"OhAd7jZb5e4","Who Invited Him","Carpe Diem - Topic","2026-09-23","2026-07-17","2:59","https://i.ytimg.com/vi/OhAd7jZb5e4/hqdefault.jpg"
"5kwtLlkcaM4","Floor Talk (remix)","Carpe Diem - Topic","2026-09-23","2026-07-17","2:32","https://i.ytimg.com/vi/5kwtLlkcaM4/hqdefault.jpg"
"y1QCcitp6g8","Pocket Play","Carpe Diem - Topic","2026-09-23","2026-04-23","1:13","https://i.ytimg.com/vi/y1QCcitp6g8/hqdefault.jpg"
"YndcenTFhd0","Turning Around","Carpe Diem - Topic","2026-09-23","2026-07-03","2:05","https://i.ytimg.com/vi/YndcenTFhd0/hqdefault.jpg"
"LG5E85frac8","Sudden Groove Shift","Carpe Diem - Topic","2026-09-23","2026-04-23","1:20","https://i.ytimg.com/vi/LG5E85frac8/hqdefault.jpg"
"DTf2lwUUpko","Snake's Pace","T—mic - Topic","2026-09-23","2026-05-16","1:20","https://i.ytimg.com/vi/DTf2lwUUpko/hqdefault.jpg"
"eE9c4DeGXik","Аматьорка","Preslava - Topic","2026-09-23","2026-03-31","3:54","https://i.ytimg.com/vi/eE9c4DeGXik/hqdefault.jpg"
"BWO6Jhb3lf0","Random Switch (remix)","Carpe Diem - Topic","2026-09-23","2026-04-23","1:25","https://i.ytimg.com/vi/BWO6Jhb3lf0/hqdefault.jpg"
"4OKNaQzJLu8","DOPAMINE","EMVRY - Topic","2026-09-23","2026-02-08","1:50","https://i.ytimg.com/vi/4OKNaQzJLu8/hqdefault.jpg"
"4pC0PiI_xcU","Soul Split","T—mic - Topic","2026-09-23","2026-01-22","1:12","https://i.ytimg.com/vi/4pC0PiI_xcU/hqdefault.jpg"
"vhPQwjPWF3E","ISSA ME","GrinX - Topic","2026-09-23","2026-04-30","1:46","https://i.ytimg.com/vi/vhPQwjPWF3E/hqdefault.jpg"
"2YdWE8Ul8IE","Y, ¿Si Fuera Ella? (+ Es +)","Pablo Alborán - Topic","2026-09-23","2018-12-12","4:10","https://i.ytimg.com/vi/2YdWE8Ul8IE/hqdefault.jpg"
"lw8pvjQfQL8","Sueños Rotos (Remastered 2024)","David Bisbal - Topic","2026-09-23","2024-07-25","3:58","https://i.ytimg.com/vi/lw8pvjQfQL8/hqdefault.jpg"
"IpecjVfbaAA","Sueña","David Bisbal - Topic","2026-09-23","2020-03-05","4:15","https://i.ytimg.com/vi/IpecjVfbaAA/hqdefault.jpg"
"HgElKYDLj8w","Vuelvo A Tí","David Bisbal - Topic","2026-09-23","2018-07-24","3:40","https://i.ytimg.com/vi/HgElKYDLj8w/hqdefault.jpg"
"-PUQCbHyQn0","Dígale","David Bisbal - Topic","2026-09-23","2020-08-13","4:26","https://i.ytimg.com/vi/-PUQCbHyQn0/hqdefault.jpg"
"LjEEL-GqLcU","You're Cute","Teddy Is A Yorkie - Topic","2026-09-23","2026-07-09","0:34","https://i.ytimg.com/vi/LjEEL-GqLcU/hqdefault.jpg"
"bP_Ag2RpjwM","Balkan Loca People (Remix)","Dj Horea Lucian - Topic","2026-09-23","2026-03-30","2:39","https://i.ytimg.com/vi/bP_Ag2RpjwM/hqdefault.jpg"
"qPQK6BVraaA","Alicante","HUGEL - Topic","2026-09-23","2025-02-20","3:13","https://i.ytimg.com/vi/qPQK6BVraaA/hqdefault.jpg"
"i_AHHKTgGj8","Back To The Old School","OsMan - Topic","2026-09-23","2026-04-16","2:06","https://i.ytimg.com/vi/i_AHHKTgGj8/hqdefault.jpg"
"HQYF2gOgJP0","Stay Sexy","HUGEL - Topic","2026-09-23","2026-06-25","2:07","https://i.ytimg.com/vi/HQYF2gOgJP0/hqdefault.jpg"
"b2FQ9tTtoA0","CHRSTPHR  - 9PM (Till I Come)","CHRSTPHR","2026-09-23","2024-01-14","2:19","https://i.ytimg.com/vi/b2FQ9tTtoA0/hqdefault.jpg"
"KHCEaPB6eSE","My Life Is A Disco (In The Mix)","Mellizos (UK) - Topic","2026-09-23","2026-05-07","2:56","https://i.ytimg.com/vi/KHCEaPB6eSE/hqdefault.jpg"
"wSj1t2C8yeo","Пей, сърце","Galena - Topic","2026-09-23","2026-03-31","4:36","https://i.ytimg.com/vi/wSj1t2C8yeo/hqdefault.jpg"
"G5vgPhUYgqo","Devojka tvog druga","Sandra Afrika - Topic","2026-09-23","2023-07-27","4:35","https://i.ytimg.com/vi/G5vgPhUYgqo/hqdefault.jpg"
"l71jzXCdX1k","Can't Get You Outta My Head","PMC All-Stars - Topic","2026-09-23","2020-04-08","3:55","https://i.ytimg.com/vi/l71jzXCdX1k/hqdefault.jpg"
"5g9ic62Ghmw","All She Wants Is Madness (Backing Track)","Necro - Topic","2026-09-23","2024-07-04","2:34","https://i.ytimg.com/vi/5g9ic62Ghmw/hqdefault.jpg"
"PJLXP75W6no","Dragostea din Tei (Deluxe Version)","O-ZONE - Topic","2026-09-23","2024-04-24","2:37","https://i.ytimg.com/vi/PJLXP75W6no/hqdefault.jpg"
"xu89R4727w4","Beautiful Life","Ace of Base - Topic","2026-09-23","2017-01-25","3:42","https://i.ytimg.com/vi/xu89R4727w4/hqdefault.jpg"
"aucaEUhVXQY","Butilka","Galena - Topic","2026-09-23","2026-03-26","3:06","https://i.ytimg.com/vi/aucaEUhVXQY/hqdefault.jpg"
"2U6qXzmjkWQ","Coco Jamboo","Mr. President - Topic","2026-09-23","2026-02-13","3:38","https://i.ytimg.com/vi/2U6qXzmjkWQ/hqdefault.jpg"
"y_-SP55sRig","Pump Up The Jam","Technotronic - Topic","2026-09-23","2018-07-28","5:21","https://i.ytimg.com/vi/y_-SP55sRig/hqdefault.jpg"
"P5uUTKvoJq0","Out of Game (Vetlove Radio Mix)","Patrick Podage - Topic","2026-09-23","2024-06-15","3:22","https://i.ytimg.com/vi/P5uUTKvoJq0/hqdefault.jpg"
"UHQ5Rl8iEAs","Midnight Purple & Sam Smyers - Choose You (feat. Sonika Vaid) (Marcus Dielen Remix)","Bridge Music Most 🎧","2026-09-23","2024-10-12","4:33","https://i.ytimg.com/vi/UHQ5Rl8iEAs/hqdefault.jpg"
"Vhatf-kdcxI","Tall, Tall Trees","Alan Jackson - Topic","2026-09-23","2015-08-12","2:28","https://i.ytimg.com/vi/Vhatf-kdcxI/hqdefault.jpg"
"uTnhsA0zGCc","Ghost Riders in the Sky","Patrick Norman - Topic","2026-09-23","2019-06-21","2:38","https://i.ytimg.com/vi/uTnhsA0zGCc/hqdefault.jpg"
"Qve_LGfYPKs","Does He Love You","Reba McEntire - Topic","2026-09-23","2018-07-30","4:21","https://i.ytimg.com/vi/Qve_LGfYPKs/hqdefault.jpg"
"lfAVsNSl9-g","That Don't Impress Me Much","Shania Twain - Topic","2026-09-23","2018-08-07","3:39","https://i.ytimg.com/vi/lfAVsNSl9-g/hqdefault.jpg"
"vs3exvhTAqE","Nyamam pravo","Preslava - Topic","2026-09-23","2026-04-16","2:56","https://i.ytimg.com/vi/vs3exvhTAqE/hqdefault.jpg"
"nYSJoDKaywI","Dear Rodeo","Cody Johnson - Topic","2026-09-23","2020-10-01","4:15","https://i.ytimg.com/vi/nYSJoDKaywI/hqdefault.jpg"
"6zXNNPS7sPo","How It’s Done (from the Netflix film KPop Demon Hunters)","HUNTR/X - Topic","2026-09-23","2025-08-28","2:57","https://i.ytimg.com/vi/6zXNNPS7sPo/hqdefault.jpg"
"9_bTl2vvYQg","Golden","HUNTR/X - Topic","2026-09-23","2025-07-03","3:15","https://i.ytimg.com/vi/9_bTl2vvYQg/hqdefault.jpg"
"ItFsPLmxZ4Q","Believe In Me","Michelle Williams - Topic","2026-09-23","2025-03-08","3:08","https://i.ytimg.com/vi/ItFsPLmxZ4Q/hqdefault.jpg"
"yw9S4Jh3aw8","Do Your Will","Michelle Williams - Topic","2026-09-23","2026-06-08","4:14","https://i.ytimg.com/vi/yw9S4Jh3aw8/hqdefault.jpg"
"Mkeo9apPQn0","We Break the Dawn (Moto Blanco Dub Mix)","Michelle Williams - Topic","2026-09-23","2014-11-09","7:29","https://i.ytimg.com/vi/Mkeo9apPQn0/hqdefault.jpg"
"y_b_l1MSL3A","Say Yes (Stellar Awards 2015)","Michelle Williams - Topic","2026-09-23","2025-03-08","7:11","https://i.ytimg.com/vi/y_b_l1MSL3A/hqdefault.jpg"
"7SP_HmoJ8JI","Say Yes (ft. Beyoncé & Kelly Rowland)","Michelle Williams - Topic","2026-09-23","2025-03-08","4:13","https://i.ytimg.com/vi/7SP_HmoJ8JI/hqdefault.jpg"
"oJuJVZ_07BE","Viktor Hila • Kush po vjen me kcy ne valle","Mario Marku Production - Topic","2026-09-23","2025-11-02","5:50","https://i.ytimg.com/vi/oJuJVZ_07BE/hqdefault.jpg"
"lFQdcPTTzSg","Dai Dai","Shakira - Topic","2026-09-23","2026-05-15","3:44","https://i.ytimg.com/vi/lFQdcPTTzSg/hqdefault.jpg"
"Vhk40zsetII","In a Safe (feat. J. Swaga)","S9 - Topic","2026-09-23","2019-09-12","3:15","https://i.ytimg.com/vi/Vhk40zsetII/hqdefault.jpg"
"zqWeaebxq4E","33 Parallell","S9 - Topic","2026-09-23","2026-03-06","2:01","https://i.ytimg.com/vi/zqWeaebxq4E/hqdefault.jpg"
"lbNTqn6krgU","Ben Arfa (Remix)","S9 - Topic","2026-09-23","2026-07-14","2:49","https://i.ytimg.com/vi/lbNTqn6krgU/hqdefault.jpg"
"ypPwTTYKooE","Kuq E Zi","S9 - Topic","2026-09-23","2023-12-01","3:40","https://i.ytimg.com/vi/ypPwTTYKooE/hqdefault.jpg"
"5h2KtG6WRuQ","Tropoja City","S9 - Topic","2026-09-23","2025-04-17","3:35","https://i.ytimg.com/vi/5h2KtG6WRuQ/hqdefault.jpg"
"5CRnb65NT9g","Woest","Hardwell - Topic","2026-09-23","2018-01-23","2:18","https://i.ytimg.com/vi/5CRnb65NT9g/hqdefault.jpg"
"kK-c_WN4Da4","Keep Moving","Quintino - Topic","2026-09-23","2022-06-30","2:27","https://i.ytimg.com/vi/kK-c_WN4Da4/hqdefault.jpg"
"M2EcfwVwdRM","Puzzle","Quintino - Topic","2026-09-23","2018-03-03","6:01","https://i.ytimg.com/vi/M2EcfwVwdRM/hqdefault.jpg"
"1Wy5SmAOgF0","Baldadig (Extended Mix)","Hardwell - Topic","2026-09-23","2022-07-29","3:41","https://i.ytimg.com/vi/1Wy5SmAOgF0/hqdefault.jpg"
"jkkpff_1H4I","You Don't Stop","Quintino - Topic","2026-09-23","2018-02-27","3:06","https://i.ytimg.com/vi/jkkpff_1H4I/hqdefault.jpg"
"14Do-aTJb_U","Quechua","Quintino - Topic","2026-09-23","2021-05-20","3:00","https://i.ytimg.com/vi/14Do-aTJb_U/hqdefault.jpg"
"F_TuSBUXgmE","Ridin'","Chamillionaire - Topic","2026-09-23","2018-12-12","5:04","https://i.ytimg.com/vi/F_TuSBUXgmE/hqdefault.jpg"
"LcF2KUJVdLE","It Was A Good Day","Ice Cube - Topic","2026-09-23","2018-07-26","4:20","https://i.ytimg.com/vi/LcF2KUJVdLE/hqdefault.jpg"
"G8hrXmfzhBo","Jump Around","House Of Pain - Topic","2026-09-23","2022-09-21","3:35","https://i.ytimg.com/vi/G8hrXmfzhBo/hqdefault.jpg"
"uUL8a7eJCk8","Low (feat. T-Pain)","Flo Rida - Topic","2026-09-23","2017-07-22","3:52","https://i.ytimg.com/vi/uUL8a7eJCk8/hqdefault.jpg"
"gDCRrvtY78g","U Can't Touch This","Hammer - Topic","2026-09-23","2017-03-30","4:18","https://i.ytimg.com/vi/gDCRrvtY78g/hqdefault.jpg"
"_ydMlTassYc","Empire State Of Mind","JAŸ-Z - Topic","2026-09-23","2018-07-09","4:37","https://i.ytimg.com/vi/_ydMlTassYc/hqdefault.jpg"
"rY79XEcE0mE","Overrated","19:26 - Topic","2026-09-23","2025-10-02","4:50","https://i.ytimg.com/vi/rY79XEcE0mE/hqdefault.jpg"
"C0h37vofKfI","Балканско за разкош","Preslava - Topic","2026-09-23","2026-05-04","4:16","https://i.ytimg.com/vi/C0h37vofKfI/hqdefault.jpg"
"_ghgoNnPYYI","Гонка","Don Mario - Topic","2026-09-23","2026-04-07","4:31","https://i.ytimg.com/vi/_ghgoNnPYYI/hqdefault.jpg"
"aiGzFoSZujw","Правя ти услуга","TANYA BOEVA - Topic","2026-09-23","2025-03-05","3:15","https://i.ytimg.com/vi/aiGzFoSZujw/hqdefault.jpg"
"bAnh8-M0o1U","Ne idvay","Preslava - Topic","2026-09-23","2026-04-17","3:11","https://i.ytimg.com/vi/bAnh8-M0o1U/hqdefault.jpg"
"QO6PLgTZ7ts","Черен етикет (feat. 2 Step)","Sofi Marinova - Topic","2026-09-23","2021-03-05","3:24","https://i.ytimg.com/vi/QO6PLgTZ7ts/hqdefault.jpg"
"5TWNQ7Yih1E","Potpuri","Valon Biba - Topic","2026-09-23","2026-04-29","3:20","https://i.ytimg.com/vi/5TWNQ7Yih1E/hqdefault.jpg"
"pFG5krQpFCI","Feromeni","Fero - Topic","2026-09-23","2025-01-19","3:17","https://i.ytimg.com/vi/pFG5krQpFCI/hqdefault.jpg"
"mprkqDNUQb0","m.A.A.d city","Kendrick Lamar - Topic","2026-09-23","2018-07-26","5:51","https://i.ytimg.com/vi/mprkqDNUQb0/hqdefault.jpg"
"0_vcTMYJw-U","We Believe","Newsboys - Topic","2026-09-23","2018-07-30","4:22","https://i.ytimg.com/vi/0_vcTMYJw-U/hqdefault.jpg"
"KOD4kU-YDDQ","Majlinda Dada - Zemra e huaj (Official Video HD)","ArkivaShqip","2026-09-23","2012-10-26","3:18","https://i.ytimg.com/vi/KOD4kU-YDDQ/hqdefault.jpg"
"JIq-ArUDb-c","Luj e Duje","Remzie Osmani - Topic","2026-09-23","2023-05-28","3:40","https://i.ytimg.com/vi/JIq-ArUDb-c/hqdefault.jpg"
"MPeK5ZaaiAM","Nuk Prish Punë","Arta Bajrami - Topic","2026-09-23","2024-02-03","4:33","https://i.ytimg.com/vi/MPeK5ZaaiAM/hqdefault.jpg"
"yebNIHKAC4A","“Golden” Official Lyric Video | KPop Demon Hunters | Sony Animation","Sony Pictures Animation","2026-09-23","2025-06-23","3:19","https://i.ytimg.com/vi/yebNIHKAC4A/hqdefault.jpg"
"PzR6HoOhpvQ","Ditari","Remzie Osmani - Topic","2026-09-23","2021-06-11","3:30","https://i.ytimg.com/vi/PzR6HoOhpvQ/hqdefault.jpg"
"0cAdqbubIc4","Sa të desha (feat. FM Production)","Remzie Osmani - Topic","2026-09-23","2025-12-15","4:16","https://i.ytimg.com/vi/0cAdqbubIc4/hqdefault.jpg"
"nqRbcYUnLbM","Dil Moj Nuse","Remzie Osmani - Topic","2026-09-23","2026-07-09","3:09","https://i.ytimg.com/vi/nqRbcYUnLbM/hqdefault.jpg"
"dQRnWtftsVk","Fale Dashurine","Remzie Osmani - Topic","2026-09-23","2019-08-22","3:28","https://i.ytimg.com/vi/dQRnWtftsVk/hqdefault.jpg"
"5PykyBJrOYw","It's Your Call","Reba McEntire - Topic","2026-09-23","2018-07-31","3:09","https://i.ytimg.com/vi/5PykyBJrOYw/hqdefault.jpg"
"9kznlAwE-8o","Mockingbird","Eminem - Topic","2026-09-23","2018-07-29","4:11","https://i.ytimg.com/vi/9kznlAwE-8o/hqdefault.jpg"
"xdd0Tq-iI1I","Consider Me Gone","Reba McEntire - Topic","2026-09-23","2022-02-17","3:41","https://i.ytimg.com/vi/xdd0Tq-iI1I/hqdefault.jpg"
"X87F-2OQz5c","Haaland (Ha Ha Ha)","CTID - Topic","2026-09-23","2022-08-04","3:06","https://i.ytimg.com/vi/X87F-2OQz5c/hqdefault.jpg"
"sMjsr1xDxgI","Seven Minutes In Heaven","Reba McEntire - Topic","2026-09-23","2023-10-05","4:25","https://i.ytimg.com/vi/sMjsr1xDxgI/hqdefault.jpg"
"h27m6PwCGI8","Smooth Jazz Lounge 🥃 Relaxing Saxophone for Calm Evenings & Luxury Ambience","Peaceful Sax Jazz","2026-09-23","2026-06-07","1:09:51","https://i.ytimg.com/vi/h27m6PwCGI8/hqdefault.jpg"
"EzAAYfQ--Mo","Red Card (Extended Mix)","Tiscore - Topic","2026-09-23","2026-06-25","2:53","https://i.ytimg.com/vi/EzAAYfQ--Mo/hqdefault.jpg"
"6wktfYuzvt4","Thell","Princ1 - Topic","2026-09-23","2026-07-21","3:01","https://i.ytimg.com/vi/6wktfYuzvt4/hqdefault.jpg"
"awwTDrNmo6c","Na tebe ne otkazvam","Preslava - Topic","2026-09-23","2026-03-27","4:00","https://i.ytimg.com/vi/awwTDrNmo6c/hqdefault.jpg"
"CE9aIBMqer8","С нервите съм зле","Preslava - Topic","2026-09-23","2026-05-04","2:55","https://i.ytimg.com/vi/CE9aIBMqer8/hqdefault.jpg"
"gDpLkXuVIOo","44 Bespreme","Cllevio - Topic","2026-09-23","2025-11-11","3:10","https://i.ytimg.com/vi/gDpLkXuVIOo/hqdefault.jpg"
"Icl5BuV67xs","Tolstoy 44","Cllevio - Topic","2026-09-23","2025-11-11","2:55","https://i.ytimg.com/vi/Icl5BuV67xs/hqdefault.jpg"
"3YW3W5RPV-0","Carrying Your Love With Me","George Strait - Topic","2026-09-23","2018-07-30","3:53","https://i.ytimg.com/vi/3YW3W5RPV-0/hqdefault.jpg"
"s010IyIhmLg","Bandit","Djena - Topic","2026-09-23","2026-07-17","3:11","https://i.ytimg.com/vi/s010IyIhmLg/hqdefault.jpg"
"LpW3kVg4ajw","Es para Ti","Chambao - Topic","2026-09-23","2026-02-12","3:02","https://i.ytimg.com/vi/LpW3kVg4ajw/hqdefault.jpg"
"d8MBK1kQNSg","Mirëmbrëma - Potpuri","Grupi Labia - Topic","2026-09-23","2026-05-21","5:28","https://i.ytimg.com/vi/d8MBK1kQNSg/hqdefault.jpg"
"ZFh7RLS_gds","Lord Give Me a Sign","DMX - Topic","2026-09-23","2017-02-09","3:29","https://i.ytimg.com/vi/ZFh7RLS_gds/hqdefault.jpg"
"UjUjt3ZCgqc","Chica Loca","Tony Ray - Topic","2026-09-23","2018-06-21","3:20","https://i.ytimg.com/vi/UjUjt3ZCgqc/hqdefault.jpg"
"YP7BckCVJfA","44 Psikopate","Cllevio - Topic","2026-09-23","2025-11-11","2:54","https://i.ytimg.com/vi/YP7BckCVJfA/hqdefault.jpg"
"wUVO9lK-BXM","Red Card","Tiscore - Topic","2026-09-23","2026-06-25","1:56","https://i.ytimg.com/vi/wUVO9lK-BXM/hqdefault.jpg"
"kBzb-LY08p4","Dve ochi / Dio matia","Djena - Topic","2026-09-23","2026-03-26","3:11","https://i.ytimg.com/vi/kBzb-LY08p4/hqdefault.jpg"
"6tFuGc3nYS8","Vera","Arta Bajrami - Topic","2026-09-23","2025-12-10","4:11","https://i.ytimg.com/vi/6tFuGc3nYS8/hqdefault.jpg"
"OJA8upjNYFE","Mos Ta Nin","Arta Bajrami - Topic","2026-09-23","2024-02-03","5:45","https://i.ytimg.com/vi/OJA8upjNYFE/hqdefault.jpg"
"YPvbQUjfDUM","Falet Kjo Zemer","Arta Bajrami - Topic","2026-09-23","2026-04-18","4:24","https://i.ytimg.com/vi/YPvbQUjfDUM/hqdefault.jpg"
"nM3hhBMt_Rw","Bjeri Gajdes Hajdexhi","Elizabeta Marku - Topic","2026-09-23","2020-04-18","1:42","https://i.ytimg.com/vi/nM3hhBMt_Rw/hqdefault.jpg"
"BacSUKDcxaw","Cllevio Masoni x Elia - PARIDI 2 (Official Video)","Cllevio Masoni 44 Official","2026-09-23","2023-06-12","2:44","https://i.ytimg.com/vi/BacSUKDcxaw/hqdefault.jpg"
"CmPxhfmhYPI","Remzie Osmani & Nexhat Osmani - Ditari [Official Video]","Remzie & Nexhat Osmani","2026-09-23","2021-06-11","3:38","https://i.ytimg.com/vi/CmPxhfmhYPI/hqdefault.jpg"
"n4eAZsN4JEY","Roland Çukaj & Adelina Correj - Kolazh 2023","Roland Çukaj","2026-09-23","2023-05-31","9:06","https://i.ytimg.com/vi/n4eAZsN4JEY/hqdefault.jpg"
"KOXpS3ekL-o","Alkool","Melinda Ademi - Topic","2026-09-23","2024-04-16","3:40","https://i.ytimg.com/vi/KOXpS3ekL-o/hqdefault.jpg"
"fF_FSwfvTeA","Smajl Lika - Kerce mir, mori kerce","TV Blue S Music","2026-09-23","2013-12-12","2:35","https://i.ytimg.com/vi/fF_FSwfvTeA/hqdefault.jpg"
"05vDEe6z5PA","Roland & Adelina - Vajze e bukur & Rrak tak","Mario Marku Production","2026-09-23","2023-06-19","3:33","https://i.ytimg.com/vi/05vDEe6z5PA/hqdefault.jpg"
"fz47yI2VDAE","Adelina Correj • Mendo mire e mos u ngut","Mario Marku Production - Topic","2026-09-23","2024-08-27","3:25","https://i.ytimg.com/vi/fz47yI2VDAE/hqdefault.jpg"
"eTBD6iiv2ZU","Malli","Ermenita - Topic","2026-09-23","2026-01-09","3:03","https://i.ytimg.com/vi/eTBD6iiv2ZU/hqdefault.jpg"
"Y5KsZLNqTbg","Tell Me","Mike Drozdov - Topic","2026-09-23","2025-04-06","4:45","https://i.ytimg.com/vi/Y5KsZLNqTbg/hqdefault.jpg"
"sDBknU0xcjk","Bee Happy (Radio Mix)","VetLove - Topic","2026-09-23","2025-10-05","3:58","https://i.ytimg.com/vi/sDBknU0xcjk/hqdefault.jpg"
"PBOBeXhH0NI","Travel Emotions - Hidden Dreams (VetLove Radio Mix)","Mike Drozdov Music ","2026-09-23","2026-03-20","3:11","https://i.ytimg.com/vi/PBOBeXhH0NI/hqdefault.jpg"
"O5-KA95OfQ0","Better for You (Ivan Summer Remix)","Deepsan - Topic","2026-09-23","2023-02-10","5:42","https://i.ytimg.com/vi/O5-KA95OfQ0/hqdefault.jpg"
"YU-wYosn0O0","Voglio ballare con te","Baby K - Topic","2026-09-23","2018-11-14","2:44","https://i.ytimg.com/vi/YU-wYosn0O0/hqdefault.jpg"
"RxUZLmN5RsY","TiK ToK","Kesha - Topic","2026-09-23","2017-02-19","3:20","https://i.ytimg.com/vi/RxUZLmN5RsY/hqdefault.jpg"
"C-jAPrdc3PI","Hot N Cold","Katy Perry - Topic","2026-09-23","2017-02-10","3:44","https://i.ytimg.com/vi/C-jAPrdc3PI/hqdefault.jpg"
"dcBw2GxWZJo","Caliente (Radio Edit)","Jay Santos - Topic","2026-09-23","2018-03-12","3:23","https://i.ytimg.com/vi/dcBw2GxWZJo/hqdefault.jpg"
"0C6AhOJkeyk","Lil' Homies","2Pac - Topic","2026-09-23","2018-11-25","3:44","https://i.ytimg.com/vi/0C6AhOJkeyk/hqdefault.jpg"
"JLb3xFyfuKI","Dai Dai","Shakira - Topic","2026-09-23","2026-06-26","3:44","https://i.ytimg.com/vi/JLb3xFyfuKI/hqdefault.jpg"
"htCYhuDQfWw","You Time","Scotty McCreery - Topic","2026-09-23","2021-09-16","3:13","https://i.ytimg.com/vi/htCYhuDQfWw/hqdefault.jpg"
"QO-BnAvLu1s","It Matters To Her","Scotty McCreery - Topic","2026-09-23","2021-09-16","2:52","https://i.ytimg.com/vi/QO-BnAvLu1s/hqdefault.jpg"
"U1sg1z0-VWo","Let That Pony Run","Pam Tillis - Topic","2026-09-23","2015-09-23","3:31","https://i.ytimg.com/vi/U1sg1z0-VWo/hqdefault.jpg"
"hJscQ69gb5g","Jack & Jill Daniel's","Emily Ann Roberts - Topic","2026-09-23","2025-09-04","2:44","https://i.ytimg.com/vi/hJscQ69gb5g/hqdefault.jpg"
"3hPnTW4PCL8","Santa, Can’t You Hear Me (Live)","Kelly Clarkson - Topic","2026-09-23","2022-12-01","3:46","https://i.ytimg.com/vi/3hPnTW4PCL8/hqdefault.jpg"
"7F2ee1bxOo0","X5","Gjiko - Topic","2026-09-23","2026-08-04","3:32","https://i.ytimg.com/vi/7F2ee1bxOo0/hqdefault.jpg"
"oJvmZXeKlwI","DIRTYTALK","Kean Dysso - Topic","2026-09-23","2026-06-11","2:18","https://i.ytimg.com/vi/oJvmZXeKlwI/hqdefault.jpg"
"O3XkKP1WEUI","Two Sparrows In A Hurricane","Tanya Tucker - Topic","2026-09-23","2017-02-19","4:11","https://i.ytimg.com/vi/O3XkKP1WEUI/hqdefault.jpg"
"2DnmwFYOk2w","Ekstazi","LRC - Topic","2026-09-23","2025-12-16","4:07","https://i.ytimg.com/vi/2DnmwFYOk2w/hqdefault.jpg"
"yTEJWRY-jXU","NRG BAND - Pa ty so ka rrihet (Official Video)","NRG BAND","2026-09-23","2013-06-28","4:34","https://i.ytimg.com/vi/yTEJWRY-jXU/hqdefault.jpg"
"pMPLnJKwiG4","Chervena tochka","Preslava - Topic","2026-09-23","2026-04-17","3:43","https://i.ytimg.com/vi/pMPLnJKwiG4/hqdefault.jpg"
"Za8VIDJlLf0","Пиши го неуспешно","Preslava - Topic","2026-09-23","2026-03-31","3:29","https://i.ytimg.com/vi/Za8VIDJlLf0/hqdefault.jpg"
"It8XRWZRxl4","Zle razpredeleni","Preslava - Topic","2026-09-23","2026-04-17","3:40","https://i.ytimg.com/vi/It8XRWZRxl4/hqdefault.jpg"
"KNout7flIjE","V tvoeto leglo","Preslava - Topic","2026-09-23","2026-05-30","3:39","https://i.ytimg.com/vi/KNout7flIjE/hqdefault.jpg"
"4z1fYeJflTI","Mi Chico","DJ Goja - Topic","2026-09-23","2026-04-03","1:58","https://i.ytimg.com/vi/4z1fYeJflTI/hqdefault.jpg"
"pIJcpMCKBDE","Моето слабо място","Preslava - Topic","2026-09-23","2026-04-14","3:24","https://i.ytimg.com/vi/pIJcpMCKBDE/hqdefault.jpg"
"qyA2UguIWVs","PER DASHNI","Donjeta Morina - Topic","2026-09-23","2024-04-23","3:48","https://i.ytimg.com/vi/qyA2UguIWVs/hqdefault.jpg"
"AKiGKvXuQ-g","Change","Solo - Topic","2026-09-23","2015-10-24","3:46","https://i.ytimg.com/vi/AKiGKvXuQ-g/hqdefault.jpg"
"RRjxcx8zkdE","Jesus Is Alive (House of Tea Remix)","Shai Linne - Topic","2026-09-23","2018-12-14","4:21","https://i.ytimg.com/vi/RRjxcx8zkdE/hqdefault.jpg"
"1Ri0YffHzGE","Choose You (Marcus Dielen Remix) [Official Audio] - Sam Smyers, Midnight Purple, Sonika Vaid","Sam Smyers","2026-09-23","2024-12-15","2:45","https://i.ytimg.com/vi/1Ri0YffHzGE/hqdefault.jpg"
"6NYp_il0Qzc","IV His Son ""What am I To Do"" feat. Jovan Mackenzy (Official Music Video)","ImKingGinger","2026-09-23","2012-02-16","4:36","https://i.ytimg.com/vi/6NYp_il0Qzc/hqdefault.jpg"
"-J4bB1H3kto","Turn the Lights Off","DJ Quba - Topic","2026-09-23","2026-02-26","3:17","https://i.ytimg.com/vi/-J4bB1H3kto/hqdefault.jpg"
"36vdfgdIQb4","Look At Me","Pete Bellis & Tommy - Topic","2026-09-23","2025-12-22","5:58","https://i.ytimg.com/vi/36vdfgdIQb4/hqdefault.jpg"
"yKYAFO2GnRs","Summer night","RKO prods - Topic","2026-09-23","2026-04-10","4:18","https://i.ytimg.com/vi/yKYAFO2GnRs/hqdefault.jpg"
"A9vvp2kJDiI","Papa Tin - At Night | Deep House, Vocal House | Official Video","Papa Tin","2026-09-23","2026-04-24","4:05","https://i.ytimg.com/vi/A9vvp2kJDiI/hqdefault.jpg"
"Oaj_LOmV-x0","Out of Game","Patrick Podage - Topic","2026-09-23","2024-07-04","3:33","https://i.ytimg.com/vi/Oaj_LOmV-x0/hqdefault.jpg"
"4SPCaqDmL4Y","You're Love","Marcus Dielen - Topic","2026-09-23","2024-01-04","4:23","https://i.ytimg.com/vi/4SPCaqDmL4Y/hqdefault.jpg"
"p926ntlNpcs","You're My Heart, You're My Soul","Marcus Dielen - Topic","2026-09-23","2026-02-20","2:29","https://i.ytimg.com/vi/p926ntlNpcs/hqdefault.jpg"
"lt4XikmvS98","Sadeness, Pt. I","Marcus Dielen - Topic","2026-09-23","2026-05-07","3:20","https://i.ytimg.com/vi/lt4XikmvS98/hqdefault.jpg"
"G9S1Rx6D7Vs","GDH - Be My Girl Tonight [DEEP HOUSE]","GANGSTER DEEP HOUSE","2026-09-23","2026-03-27","3:28","https://i.ytimg.com/vi/G9S1Rx6D7Vs/hqdefault.jpg"
"c2Iti1vqHV8","Love Me","Marcus Dielen - Topic","2026-09-23","2024-04-19","4:39","https://i.ytimg.com/vi/c2Iti1vqHV8/hqdefault.jpg"
"92-pt5XCAMo","Something Beautiful / Summer & You (Deep House / Melodic / Tropical Lounge) - Monika XYZ","Monika XYZ","2026-09-23","2026-04-19","4:03","https://i.ytimg.com/vi/92-pt5XCAMo/hqdefault.jpg"
"TTdtsyJWRro","Romance","Nando Fortunato - Topic","2026-09-23","2021-10-06","6:25","https://i.ytimg.com/vi/TTdtsyJWRro/hqdefault.jpg"
"uCb5Aq8D7Qo","Lonely (The Distance Remix)","Cut Off - Topic","2026-09-23","2024-03-08","4:13","https://i.ytimg.com/vi/uCb5Aq8D7Qo/hqdefault.jpg"
"a-_Au27rFCg","With Me","Asadov - Topic","2026-09-23","2026-01-09","3:47","https://i.ytimg.com/vi/a-_Au27rFCg/hqdefault.jpg"
"3T9WwI9ocmw","BLACK MAMBA","Alek Human - Topic","2026-09-23","2026-04-05","4:14","https://i.ytimg.com/vi/3T9WwI9ocmw/hqdefault.jpg"
"2q5ITnPGme8","Don’t Let Go (Marcus Dielen Remux)","Hiss Band - Topic","2026-09-23","2025-11-27","3:50","https://i.ytimg.com/vi/2q5ITnPGme8/hqdefault.jpg"
"kckHSj1Z-48","My Heart","Marcus Dielen - Topic","2026-09-23","2025-04-10","2:54","https://i.ytimg.com/vi/kckHSj1Z-48/hqdefault.jpg"
"7PRF-NAhiiY","Baby I Can't Wait","Costa Mee - Topic","2026-09-23","2022-11-02","5:30","https://i.ytimg.com/vi/7PRF-NAhiiY/hqdefault.jpg"
"PSNbht_A798","Lost in Your Eyes (Deepsan Remix)","Umut Torun - Topic","2026-09-23","2025-10-02","4:36","https://i.ytimg.com/vi/PSNbht_A798/hqdefault.jpg"
"ZSwxgSksEs0","Choose You (Marcus Dielen Remix) [Official Extended Mix] - Sam Smyers, Midnight Purple, Sonika Vaid","Sam Smyers","2026-09-23","2024-12-15","4:32","https://i.ytimg.com/vi/ZSwxgSksEs0/hqdefault.jpg"
"8YBC_516r6s","Help Me Out","Nando Fortunato - Topic","2026-09-23","2025-11-04","6:22","https://i.ytimg.com/vi/8YBC_516r6s/hqdefault.jpg"
"gwLYmgR147Y","Wicked Game (feat. Camishe) (The Distance & Igi Remix)","Max Oazo - Topic","2026-09-23","2018-09-12","4:30","https://i.ytimg.com/vi/gwLYmgR147Y/hqdefault.jpg"
"uYBlq4F5VDQ","Let Love Live (VetLove & Mike Drozdov Remix)","Bryan Milton - Topic","2026-09-23","2021-11-08","5:12","https://i.ytimg.com/vi/uYBlq4F5VDQ/hqdefault.jpg"
"cViZF1YekCY","Searching (VetLove & Mike Drozdov Remix)","DJ Artak - Topic","2026-09-23","2021-11-06","6:32","https://i.ytimg.com/vi/cViZF1YekCY/hqdefault.jpg"
"BpLmYMYhXw8","Frozen Tears (VetLove & Mike Drozdov Remix)","DJ Artak - Topic","2026-09-23","2021-11-06","5:58","https://i.ytimg.com/vi/BpLmYMYhXw8/hqdefault.jpg"
"F3uw6F-5KlU","Trials & Tribulations","Ace Hood - Topic","2026-09-23","2018-07-28","3:09","https://i.ytimg.com/vi/F3uw6F-5KlU/hqdefault.jpg"
"c2EqjfuZ7Ig","That Mode","Ace Hood - Topic","2026-09-23","2025-06-12","2:17","https://i.ytimg.com/vi/c2EqjfuZ7Ig/hqdefault.jpg"
"dcNRfayHoyU","Go N' Get It (Album Version (Explicit))","Ace Hood - Topic","2026-09-23","2018-07-30","3:57","https://i.ytimg.com/vi/dcNRfayHoyU/hqdefault.jpg"
"jIJtuA3oi94","A Hustlers Prayer","Ace Hood - Topic","2026-09-23","2017-11-19","3:16","https://i.ytimg.com/vi/jIJtuA3oi94/hqdefault.jpg"
"bgAGXX2lSTs","Kush","Ace Hood - Topic","2026-09-23","2017-11-20","4:10","https://i.ytimg.com/vi/bgAGXX2lSTs/hqdefault.jpg"
"jpxnlFXGv_E","You & Me (Vintage Culture Remix)","Max Styler - Topic","2026-09-23","2025-12-11","3:55","https://i.ytimg.com/vi/jpxnlFXGv_E/hqdefault.jpg"
"408fUd2fApg","S'dua T'jem E Tjetër Kujt","Genta Ismajli - Topic","2026-09-23","2025-06-05","3:40","https://i.ytimg.com/vi/408fUd2fApg/hqdefault.jpg"
"qZrIeAeh2EI","Guximi (feat. DJ Dalool)","Genta Ismajli - Topic","2026-09-23","2025-04-09","3:52","https://i.ytimg.com/vi/qZrIeAeh2EI/hqdefault.jpg"
"SF8YkOfjJQc","Per Ty Jam E Vdekur","Genta Ismajli - Topic","2026-09-23","2025-04-08","4:21","https://i.ytimg.com/vi/SF8YkOfjJQc/hqdefault.jpg"
"r734VaarfSE","Nuk Harrohet","Genta Ismajli - Topic","2026-09-23","2025-04-08","3:58","https://i.ytimg.com/vi/r734VaarfSE/hqdefault.jpg"
"VFtWN7STNgk","Nje Lutje","Genta Ismajli - Topic","2026-09-23","2025-04-09","3:31","https://i.ytimg.com/vi/VFtWN7STNgk/hqdefault.jpg"
"WnWPg6PtCKI","Une Te Dua","Genta Ismajli - Topic","2026-09-23","2025-06-05","3:54","https://i.ytimg.com/vi/WnWPg6PtCKI/hqdefault.jpg"
"0uvy0_rNiAQ","Kthehu","Genta Ismajli - Topic","2026-09-23","2025-06-05","3:27","https://i.ytimg.com/vi/0uvy0_rNiAQ/hqdefault.jpg"
"ifsadaN7v_s","Pse Të Dua Ty","Genta Ismajli - Topic","2026-09-23","2025-06-06","4:11","https://i.ytimg.com/vi/ifsadaN7v_s/hqdefault.jpg"
"mclFmGh2W4A","Dridhem","Genta Ismajli - Topic","2026-09-23","2025-06-05","3:34","https://i.ytimg.com/vi/mclFmGh2W4A/hqdefault.jpg"
"JYJ2xVGipO4","Dy Dashni","Genta Ismajli - Topic","2026-09-23","2025-04-08","3:28","https://i.ytimg.com/vi/JYJ2xVGipO4/hqdefault.jpg"
"TnbPh-cm0O0","Isla Bonita (Original Mix)","Dj Dark - Topic","2026-09-23","2020-02-25","3:01","https://i.ytimg.com/vi/TnbPh-cm0O0/hqdefault.jpg"
"Cr_w8dyJbuo","My Heart Will Go On","LABACK - Topic","2026-09-23","2025-05-12","3:09","https://i.ytimg.com/vi/Cr_w8dyJbuo/hqdefault.jpg"
"b1D0RhNrK1U","Don't Let Me Go (Gon Haziri Remix)","Kanita - Topic","2026-09-23","2021-03-31","4:29","https://i.ytimg.com/vi/b1D0RhNrK1U/hqdefault.jpg"
"1kDFzyVGT78","S'jemi Ne (Iulian Florea Remix)","Kanita - Topic","2026-09-23","2020-06-04","3:21","https://i.ytimg.com/vi/1kDFzyVGT78/hqdefault.jpg"
"Jo32DZmI9dA","Milano","Finem - Topic","2026-09-23","2023-07-29","2:40","https://i.ytimg.com/vi/Jo32DZmI9dA/hqdefault.jpg"
"aUajNfZwkjY","(When You Gonna) Give It Up to Me [Radio Version]","Sean Paul - Topic","2026-09-23","2017-04-23","4:04","https://i.ytimg.com/vi/aUajNfZwkjY/hqdefault.jpg"
"Yadj4beoLKU","Move Ya Body","Nina Sky - Topic","2026-09-23","2018-09-16","3:52","https://i.ytimg.com/vi/Yadj4beoLKU/hqdefault.jpg"
"eGHI3UJ_qZQ","Boombastic","Shaggy - Topic","2026-09-23","2025-10-23","2:03","https://i.ytimg.com/vi/eGHI3UJ_qZQ/hqdefault.jpg"
"8pCof_57WVI","Turn Me On","kevin lyttle - Topic","2026-09-23","2017-07-25","3:13","https://i.ytimg.com/vi/8pCof_57WVI/hqdefault.jpg"
"cbGEOU2VnsE","Pak e sak","Olsi Bylyku - Topic","2026-09-23","2026-04-25","2:34","https://i.ytimg.com/vi/cbGEOU2VnsE/hqdefault.jpg"
"tMIhjDeHiv4","Bez chuvstva","Emanuela - Topic","2026-09-23","2026-04-08","3:16","https://i.ytimg.com/vi/tMIhjDeHiv4/hqdefault.jpg"
"K6zobpUX47s","Çika e Shpis","Fatmira Breçani - Topic","2026-09-23","2026-03-13","2:34","https://i.ytimg.com/vi/K6zobpUX47s/hqdefault.jpg"
"4YyMregPCSM","M'fal","Don Xhoni - Topic","2026-09-23","2025-04-30","2:28","https://i.ytimg.com/vi/4YyMregPCSM/hqdefault.jpg"
"_rtXlzIylLE","Gold AG ft. Fatmira Breçani - Oj dashni","Gold AG","2026-09-23","2022-07-16","2:51","https://i.ytimg.com/vi/_rtXlzIylLE/hqdefault.jpg"
"41D62rJkXAU","Ça tha","Don Xhoni - Topic","2026-09-23","2025-07-16","2:16","https://i.ytimg.com/vi/41D62rJkXAU/hqdefault.jpg"
"kpU42c5MzSU","Hajde Marshalla | MiriBeatz","MiriBeatz - Topic","2026-09-23","2026-04-28","2:06","https://i.ytimg.com/vi/kpU42c5MzSU/hqdefault.jpg"
"aTA13mBnKwg","Badabum","INVIKTA - Topic","2026-09-23","2026-03-30","2:33","https://i.ytimg.com/vi/aTA13mBnKwg/hqdefault.jpg"
"6_jEmwwkrwg","Feel Of The Night","Borey - Topic","2026-09-23","2026-04-30","3:02","https://i.ytimg.com/vi/6_jEmwwkrwg/hqdefault.jpg"
"dvLZQasCuKs","Ma don zemra","Irkenc Hyka - Topic","2026-09-23","2022-11-12","3:01","https://i.ytimg.com/vi/dvLZQasCuKs/hqdefault.jpg"
"64K6vMtS8kc","Gold AG ft. Albina Kelmendi - Sa per mu","Gold AG","2026-09-23","2023-10-05","4:06","https://i.ytimg.com/vi/64K6vMtS8kc/hqdefault.jpg"
"4l6rkl_aTV0","YOU WILL NEVER MAKE IT… really? watch me NOW! 😏🔥","dj_Gabi","2026-09-23","2026-04-14","1:04","https://i.ytimg.com/vi/4l6rkl_aTV0/hqdefault.jpg"
"8_lS7Cdaa8A","King Jesus (Live)","Jesus Culture - Topic","2026-09-23","2023-07-20","6:06","https://i.ytimg.com/vi/8_lS7Cdaa8A/hqdefault.jpg"
"1-ujw4-0Wck","Citta","Furkan Soysal - Topic","2026-09-23","2025-02-25","3:21","https://i.ytimg.com/vi/1-ujw4-0Wck/hqdefault.jpg"
"1dIvaiAusU0","Princ1 - E Kam Dit (Official Video 4k)","Princ1 Music","2026-09-23","2023-07-14","3:04","https://i.ytimg.com/vi/1dIvaiAusU0/hqdefault.jpg"
"cPXE2U_ki4A","E Kam Pa","Princ1 - Topic","2026-09-23","2025-01-19","3:03","https://i.ytimg.com/vi/cPXE2U_ki4A/hqdefault.jpg"
"gAejlOYJyXE","Livin' On Love","Alan Jackson - Topic","2026-09-23","2015-08-12","3:50","https://i.ytimg.com/vi/gAejlOYJyXE/hqdefault.jpg"
"npEGrqZFmb8","God Gave Me You","Blake Shelton - Topic","2026-09-23","2017-01-25","3:50","https://i.ytimg.com/vi/npEGrqZFmb8/hqdefault.jpg"
"xK_A29685FA","Doin' What She Likes","Blake Shelton - Topic","2026-09-23","2014-11-08","3:43","https://i.ytimg.com/vi/xK_A29685FA/hqdefault.jpg"
"29K1lB5ykgI","Sure Be Cool If You Did","Blake Shelton - Topic","2026-09-23","2014-11-09","3:36","https://i.ytimg.com/vi/29K1lB5ykgI/hqdefault.jpg"
"1Ii28yN9na8","Living Water","Anne Wilson - Topic","2026-09-23","2023-04-20","3:12","https://i.ytimg.com/vi/1Ii28yN9na8/hqdefault.jpg"
"Oruno-mxH1c","Strong","Anne Wilson - Topic","2026-09-23","2024-04-18","3:25","https://i.ytimg.com/vi/Oruno-mxH1c/hqdefault.jpg"
"hYkmbHrXAwI","Elizabeta Marku - Vajze e bukur (Official Video HD)","FenixStudioOfficial","2026-09-23","2016-06-10","3:27","https://i.ytimg.com/vi/hYkmbHrXAwI/hqdefault.jpg"
"Kk9LS1oIEQ8","Зараза","Sofi Marinova - Topic","2026-09-23","2024-04-22","4:08","https://i.ytimg.com/vi/Kk9LS1oIEQ8/hqdefault.jpg"
"AFiIVZxHQ0o","Tryabvash mi","Preslava - Topic","2026-09-23","2026-04-17","3:17","https://i.ytimg.com/vi/AFiIVZxHQ0o/hqdefault.jpg"
"AhOsCLluorc","Pranoje","Genta Ismajli - Topic","2026-09-23","2025-06-05","4:05","https://i.ytimg.com/vi/AhOsCLluorc/hqdefault.jpg"
"oJPIEjaMevQ","Niagara","Simon - Topic","2026-09-23","2026-03-26","3:17","https://i.ytimg.com/vi/oJPIEjaMevQ/hqdefault.jpg"
"esPhd4PzUP0","ZEMRA JEME","Melinda Ademi - Topic","2026-09-23","2025-07-24","2:19","https://i.ytimg.com/vi/esPhd4PzUP0/hqdefault.jpg"
"phOmZREefIU","Byagay","Preslava - Topic","2026-09-23","2026-04-07","3:56","https://i.ytimg.com/vi/phOmZREefIU/hqdefault.jpg"
"SzFq1BI7Cw8","Anxhela Peristeri - Ishe mbret (Official Audio 2004)","Anxhela Peristeri","2026-09-23","2023-05-31","3:52","https://i.ytimg.com/vi/SzFq1BI7Cw8/hqdefault.jpg"
"RkiioDlZpPY","Malakas (Extended Mix)","Sotiris Gidopoulos - Topic","2026-09-23","2026-03-12","8:00","https://i.ytimg.com/vi/RkiioDlZpPY/hqdefault.jpg"
"DqP5eChiYyI","Tirons Kahone","Olsi Bylyku - Topic","2026-09-23","2026-03-30","2:28","https://i.ytimg.com/vi/DqP5eChiYyI/hqdefault.jpg"
"5mv42mygjt0","Agora (Mamba Skar Edit)","Mood Child","2026-09-23","2026-01-02","6:04","https://i.ytimg.com/vi/5mv42mygjt0/hqdefault.jpg"
"biVpgiyDt0E","Blackchild & Paco Osuna - Elektrika Salsa (Original Mix)","Mindshake Records","2026-09-23","2023-06-23","6:49","https://i.ytimg.com/vi/biVpgiyDt0E/hqdefault.jpg"
"KNbJ8hW0vLc","Merissa Mahilaa - Baby I'm (Radio Edit)","Mindshake Records","2026-09-23","2026-03-27","4:01","https://i.ytimg.com/vi/KNbJ8hW0vLc/hqdefault.jpg"
"MlCTbMOQVfg","Amazing","INNA - Topic","2026-09-23","2019-02-05","3:28","https://i.ytimg.com/vi/MlCTbMOQVfg/hqdefault.jpg"
"vsWFsuZvI1E","New Religion","Bebe Rexha - Topic","2026-09-23","2026-03-06","2:55","https://i.ytimg.com/vi/vsWFsuZvI1E/hqdefault.jpg"
"xA-QRIKyGWg","My Love","Gerta Heta - Topic","2026-09-23","2025-12-16","3:58","https://i.ytimg.com/vi/xA-QRIKyGWg/hqdefault.jpg"
"MBnnWS1zcZI","New Religion","Bebe Rexha - Topic","2026-09-23","2026-06-11","2:55","https://i.ytimg.com/vi/MBnnWS1zcZI/hqdefault.jpg"
"-5VOvWo4ybM","Dobrini","Preslava - Topic","2026-09-23","2026-04-07","3:34","https://i.ytimg.com/vi/-5VOvWo4ybM/hqdefault.jpg"
"hzOQPy05EAY","On The Wings Of Love","Jeffrey Osborne - Topic","2026-09-23","2018-09-04","4:02","https://i.ytimg.com/vi/hzOQPy05EAY/hqdefault.jpg"
"KPcTubfZaVk","New Religion","Bebe Rexha - Topic","2026-09-23","2026-03-06","2:55","https://i.ytimg.com/vi/KPcTubfZaVk/hqdefault.jpg"
"gybUn8Ps6KE","Look Thru My Eyes","DMX - Topic","2026-09-23","2019-03-14","3:51","https://i.ytimg.com/vi/gybUn8Ps6KE/hqdefault.jpg"
"NpNiFg3-EcY","Голямата любов","Sofi Marinova - Topic","2026-09-23","2021-03-05","3:55","https://i.ytimg.com/vi/NpNiFg3-EcY/hqdefault.jpg"
"NxxjLD2pmlk","Feel Good Inc.","Gorillaz - Topic","2026-09-23","2015-08-07","3:43","https://i.ytimg.com/vi/NxxjLD2pmlk/hqdefault.jpg"
"HC0wWmbFaEQ","Nenormalna","Djena - Topic","2026-09-23","2026-04-14","2:49","https://i.ytimg.com/vi/HC0wWmbFaEQ/hqdefault.jpg"
"eg66dQ1AIMM","По тебе полудях","Sofi Marinova - Topic","2026-09-23","2021-03-05","3:39","https://i.ytimg.com/vi/eg66dQ1AIMM/hqdefault.jpg"
"sWohID4_eZ8","Sickick - Epic Sean Paul Mashup (Live)","SickickMusic","2026-09-23","2017-09-02","3:29","https://i.ytimg.com/vi/sWohID4_eZ8/hqdefault.jpg"
"9DJ_MG0nkEc","Sickick - Rollin x Rollin x Rollin (Masked Wolf Remix)","SickickMusic","2026-09-23","2021-04-29","2:01","https://i.ytimg.com/vi/9DJ_MG0nkEc/hqdefault.jpg"
"V_HtJL_7vCo","Dobre li si","Galena - Topic","2026-09-23","2026-03-26","3:58","https://i.ytimg.com/vi/V_HtJL_7vCo/hqdefault.jpg"
"nJvEjCFaHPo","Dasma Shkodrane","Klodian Kojashi Poezi - Topic","2026-09-23","2025-05-22","3:50","https://i.ytimg.com/vi/nJvEjCFaHPo/hqdefault.jpg"
"c9GTY1uojiA","ZADRIMORE","Klodian Kojashi Poezi - Topic","2026-09-23","2026-02-18","3:27","https://i.ytimg.com/vi/c9GTY1uojiA/hqdefault.jpg"
"e8BkvcdGMQ8","Kradets na vreme","Preslava - Topic","2026-09-23","2026-04-17","4:07","https://i.ytimg.com/vi/e8BkvcdGMQ8/hqdefault.jpg"
"B29koyfK91I","Roland Çukaj • Nje gote raki","Marku Production - Topic","2026-09-23","2026-02-06","3:51","https://i.ytimg.com/vi/B29koyfK91I/hqdefault.jpg"
"NpmiWCyIfBo","Up","Cardi B - Topic","2026-09-23","2026-02-03","2:37","https://i.ytimg.com/vi/NpmiWCyIfBo/hqdefault.jpg"
"CPETPGPVW8s","Juicy","Doja Cat - Topic","2026-09-23","2019-11-06","3:24","https://i.ytimg.com/vi/CPETPGPVW8s/hqdefault.jpg"
"NC_o71XH-Ks","Hold On Tight (Extended Mix)","Quintino - Topic","2026-09-23","2023-04-20","3:40","https://i.ytimg.com/vi/NC_o71XH-Ks/hqdefault.jpg"
"Hm-xUdAnlus","█▬█⓿▀█▀ BATE SA feat. SantaFlow and Norykko - Sofia Madrid (Official)","sasho777","2026-09-23","2010-11-11","3:52","https://i.ytimg.com/vi/Hm-xUdAnlus/hqdefault.jpg"
"Y6Lsr_z4hN0","The Ketchup Song (Aserejé)","Las Ketchup - Topic","2026-09-23","2018-06-07","3:31","https://i.ytimg.com/vi/Y6Lsr_z4hN0/hqdefault.jpg"
"F7HZxYd_88c","El talismán","Rosana - Topic","2026-09-23","2016-07-13","3:40","https://i.ytimg.com/vi/F7HZxYd_88c/hqdefault.jpg"
"q_Siih2P9tA","Turn The Lights Off (Album Version)","KATO - Topic","2026-09-23","2017-07-22","2:58","https://i.ytimg.com/vi/q_Siih2P9tA/hqdefault.jpg"
"MtAKbU6uzvA","Trinity","Hayit Murat - Topic","2026-09-23","2025-06-17","3:08","https://i.ytimg.com/vi/MtAKbU6uzvA/hqdefault.jpg"
"j2R6uT7uLFg","Last Resort","Papa Roach - Topic","2026-09-23","2019-01-24","3:20","https://i.ytimg.com/vi/j2R6uT7uLFg/hqdefault.jpg"
"mbb07Ay0Z6s","Si Zog Shqipe","MagNeti - Topic","2026-09-23","2025-11-27","3:34","https://i.ytimg.com/vi/mbb07Ay0Z6s/hqdefault.jpg"
"8Bb77PBLJLo","Si të shitesh kan me t'ble","Blerina Dibra - Topic","2026-09-23","2025-06-17","3:43","https://i.ytimg.com/vi/8Bb77PBLJLo/hqdefault.jpg"
"qzlcex7GZUU","1ère fois","Imen Es - Topic","2026-09-23","2026-05-01","2:56","https://i.ytimg.com/vi/qzlcex7GZUU/hqdefault.jpg"
"n--Fgsl35EQ","Ghetto","Akon - Topic","2026-09-23","2018-12-15","3:56","https://i.ytimg.com/vi/n--Fgsl35EQ/hqdefault.jpg"
"2djj_KnGwjk","Gasolina","Daddy Yankee - Topic","2026-09-23","2025-01-07","3:13","https://i.ytimg.com/vi/2djj_KnGwjk/hqdefault.jpg"
"x2kMP66CbxE","Familiyata ti","Djena - Topic","2026-09-23","2026-04-09","3:06","https://i.ytimg.com/vi/x2kMP66CbxE/hqdefault.jpg"
"4i1-Eyiouq8","Remixho Ograja & Daniel Kopsaj • T'ka fale Zoti bukurine","Marku Production - Topic","2026-09-23","2026-02-08","2:30","https://i.ytimg.com/vi/4i1-Eyiouq8/hqdefault.jpg"
"R_NtG7OHpaA","Sickick - Official SickMix Part 3","SickickMusic","2026-09-23","2021-08-15","19:45","https://i.ytimg.com/vi/R_NtG7OHpaA/hqdefault.jpg"
"ZXwDKA1YcCo","Jom Merzit","Bay T - Topic","2026-09-23","2026-02-13","3:01","https://i.ytimg.com/vi/ZXwDKA1YcCo/hqdefault.jpg"
"wbUzYybazdg","Kurrë","Princ1 - Topic","2026-09-23","2025-01-19","3:06","https://i.ytimg.com/vi/wbUzYybazdg/hqdefault.jpg"
"F1Pq4_RvwjY","Ajo","Princ1 - Topic","2026-09-23","2025-01-19","3:10","https://i.ytimg.com/vi/F1Pq4_RvwjY/hqdefault.jpg"
"cI6nbBj9tYM","No U No Love","Ela Rose - Topic","2026-09-23","2016-06-18","3:34","https://i.ytimg.com/vi/cI6nbBj9tYM/hqdefault.jpg"
"RvFvWgoFL0I","Piyani noshti","Djena - Topic","2026-09-23","2026-04-08","4:01","https://i.ytimg.com/vi/RvFvWgoFL0I/hqdefault.jpg"
"hdIuMRSn7z0","Като хлапе (feat. Konstantin)","Liyana - Topic","2026-09-23","2020-10-05","3:37","https://i.ytimg.com/vi/hdIuMRSn7z0/hqdefault.jpg"
"lIqMCtl2lYY","MAKIANOV - MAFIA (CAR MIX)","MAKIANOV","2026-09-23","2026-02-11","2:27","https://i.ytimg.com/vi/lIqMCtl2lYY/hqdefault.jpg"
"6nTAn9PHeLA","Vow To Be Yours","Leanna Crawford - Topic","2026-09-23","2024-02-08","3:19","https://i.ytimg.com/vi/6nTAn9PHeLA/hqdefault.jpg"
"ZCKcMJ4eBCQ","Samba","Andreea Banica - Topic","2026-09-23","2021-08-04","3:23","https://i.ytimg.com/vi/ZCKcMJ4eBCQ/hqdefault.jpg"
"77Asyr31VIg","Rhythm Is A Dancer (vocal)","Party Tyme - Topic","2026-09-23","2025-09-25","3:42","https://i.ytimg.com/vi/77Asyr31VIg/hqdefault.jpg"
"USxeSm1fpTA","The Power","Snap! - Topic","2026-09-23","2018-03-02","3:41","https://i.ytimg.com/vi/USxeSm1fpTA/hqdefault.jpg"
"MN-OitmV28Q","Think About the Way","Ice MC - Topic","2026-09-23","2025-12-14","4:21","https://i.ytimg.com/vi/MN-OitmV28Q/hqdefault.jpg"
"l5Zox5O3jh4","Gonna Make You Sweat (Everybody Dance Now)","C + C Music Factory - Topic","2026-09-23","2017-04-08","4:04","https://i.ytimg.com/vi/l5Zox5O3jh4/hqdefault.jpg"
"DWrFN4yskPA","Freed from Desire (Full Vocals Mixx)","Gala - Topic","2026-09-23","2021-03-22","4:19","https://i.ytimg.com/vi/DWrFN4yskPA/hqdefault.jpg"
"2RGNldZpcNc","E JEMJA","Solo - Topic","2026-09-23","2025-05-04","2:32","https://i.ytimg.com/vi/2RGNldZpcNc/hqdefault.jpg"
"3eeIu7N7xS0","So Into You","Tamia - Topic","2026-09-23","2015-09-13","4:22","https://i.ytimg.com/vi/3eeIu7N7xS0/hqdefault.jpg"
"j65_xyAlkns","Crush","Jennifer Paige - Topic","2026-09-23","2017-02-20","3:21","https://i.ytimg.com/vi/j65_xyAlkns/hqdefault.jpg"
"RdUGesrbQQA","Love Don't Feel Like Love","Tina Moore - Topic","2026-09-23","2020-02-20","4:14","https://i.ytimg.com/vi/RdUGesrbQQA/hqdefault.jpg"
"KPVydMFVZoY","You'll Never Stand Alone","Whitney Houston - Topic","2026-09-23","2017-01-25","4:21","https://i.ytimg.com/vi/KPVydMFVZoY/hqdefault.jpg"
"CG5ShfDGb58","My Prayer","Mariah Carey - Topic","2026-09-23","2023-09-07","2:51","https://i.ytimg.com/vi/CG5ShfDGb58/hqdefault.jpg"
"Lctt40SRShI","My Jesus (Live)","Anne Wilson - Topic","2026-09-23","2021-08-05","3:35","https://i.ytimg.com/vi/Lctt40SRShI/hqdefault.jpg"
"Euw0cEicVHE","No Roots","Alice Merton - Topic","2026-09-23","2020-05-20","3:58","https://i.ytimg.com/vi/Euw0cEicVHE/hqdefault.jpg"
"0XTMzZZMQSo","I Break Like Glass","Country Angel - Topic","2026-09-23","2025-07-17","3:43","https://i.ytimg.com/vi/0XTMzZZMQSo/hqdefault.jpg"
"9rSqYVQxEkc","Duma za vyarnost","Preslava - Topic","2026-09-23","2026-04-16","3:11","https://i.ytimg.com/vi/9rSqYVQxEkc/hqdefault.jpg"
"Q1mbo_n6-EA","Znam kak","Galena - Topic","2026-09-23","2026-05-06","3:18","https://i.ytimg.com/vi/Q1mbo_n6-EA/hqdefault.jpg"
"-vA9b8UDzy8","When You Believe (from The Prince of Egypt)","Whitney Houston - Topic","2026-09-23","2017-01-25","4:33","https://i.ytimg.com/vi/-vA9b8UDzy8/hqdefault.jpg"
"JSjjaN-PW54","Gangsta Gangsta (feat. Lil Jon) (Main Version)","Lil Scrappy - Topic","2026-09-23","2014-11-08","4:20","https://i.ytimg.com/vi/JSjjaN-PW54/hqdefault.jpg"
"KqBZAxCfWHA","Total Eclipse of the Heart (Radio Version)","Bonnie Tyler - Topic","2026-09-23","2020-03-23","5:35","https://i.ytimg.com/vi/KqBZAxCfWHA/hqdefault.jpg"
"ZBtr1HiHI0U","Muko Moya","Vanya   - Topic","2026-09-23","2023-03-21","3:14","https://i.ytimg.com/vi/ZBtr1HiHI0U/hqdefault.jpg"
"qgt2EsTjJxQ","Името ти","Galena - Topic","2026-09-23","2024-10-17","3:10","https://i.ytimg.com/vi/qgt2EsTjJxQ/hqdefault.jpg"
"GZ3Pjxh3BSU","Докога","Jina Stoeva - Topic","2026-09-23","2024-03-17","3:32","https://i.ytimg.com/vi/GZ3Pjxh3BSU/hqdefault.jpg"
"ESYZDCRbV1U","Say It Right","Sunlike Brothers - Topic","2026-09-23","2023-09-02","2:46","https://i.ytimg.com/vi/ESYZDCRbV1U/hqdefault.jpg"
"VKHuNyIurlk","Running Back To You","Seph Schlueter - Topic","2026-09-23","2024-03-14","3:21","https://i.ytimg.com/vi/VKHuNyIurlk/hqdefault.jpg"
"81BS3-mWpYE","Situationship","Bodine Monet - Topic","2026-09-23","2025-09-18","2:51","https://i.ytimg.com/vi/81BS3-mWpYE/hqdefault.jpg"
"3wqRvIrq7is","New Heart","Crash Adams - Topic","2026-09-23","2025-05-29","3:05","https://i.ytimg.com/vi/3wqRvIrq7is/hqdefault.jpg"
"rWF3h-fGIfA","Amazing","INNA - Topic","2026-09-23","2025-08-11","3:29","https://i.ytimg.com/vi/rWF3h-fGIfA/hqdefault.jpg"
"VGG88-CcKTo","Mazh na horizonta","Preslava - Topic","2026-09-23","2026-04-17","4:00","https://i.ytimg.com/vi/VGG88-CcKTo/hqdefault.jpg"
"G7TiAlvghzA","The Next Rap God 2","Dax - Topic","2026-09-23","2026-02-05","20:08","https://i.ytimg.com/vi/G7TiAlvghzA/hqdefault.jpg"
"nR5CTN68Ofc","Iztreznyavash li","Preslava - Topic","2026-09-23","2026-04-17","3:02","https://i.ytimg.com/vi/nR5CTN68Ofc/hqdefault.jpg"
"k81Sg1ip9Ic","Pravo v ochite","Preslava - Topic","2026-09-23","2026-04-17","3:25","https://i.ytimg.com/vi/k81Sg1ip9Ic/hqdefault.jpg"
"XXbXDQ3XUbE","Say Hello (Korolova Extended Remix)","Deep Dish - Topic","2026-09-23","2025-03-06","5:05","https://i.ytimg.com/vi/XXbXDQ3XUbE/hqdefault.jpg"
"FGMvI3okbjU","Loreen - Tattoo (Dj Dark & Mentol Remix)","Dj Dark","2026-09-23","2023-07-25","3:37","https://i.ytimg.com/vi/FGMvI3okbjU/hqdefault.jpg"
"NpPVOF8MhBE","Yllka Kuqi & Ylli Demaj - Hidhe vallen me ngadale / Pogonishte LIVE (audio) 2017","Eurolindi","2026-09-23","2017-07-08","4:15","https://i.ytimg.com/vi/NpPVOF8MhBE/hqdefault.jpg"
"Jq0n4wtcQdk","Nyama da ti pisha","Preslava - Topic","2026-09-23","2026-04-08","3:32","https://i.ytimg.com/vi/Jq0n4wtcQdk/hqdefault.jpg"
"reIvRZd1vDM","Amatyorka","Preslava - Topic","2026-09-23","2026-03-26","3:54","https://i.ytimg.com/vi/reIvRZd1vDM/hqdefault.jpg"
"U1IfT3dsfSE","La Verdad Mentira","Chambao - Topic","2026-09-23","2017-02-20","3:54","https://i.ytimg.com/vi/U1IfT3dsfSE/hqdefault.jpg"
"dEP0sJYyxsI","Pokito a Poko","Chambao - Topic","2026-09-23","2015-08-12","3:28","https://i.ytimg.com/vi/dEP0sJYyxsI/hqdefault.jpg"
"I59VnfxcjQs","Gang","Azet - Topic","2026-09-23","2023-06-22","2:36","https://i.ytimg.com/vi/I59VnfxcjQs/hqdefault.jpg"
"2l0nR0V5oP4","Say Goodbye","Lümineth - Topic","2026-09-23","2025-03-27","3:36","https://i.ytimg.com/vi/2l0nR0V5oP4/hqdefault.jpg"
"-oPl82IlxVw","Jake Jake","Dhurata Dora - Topic","2026-09-23","2025-11-06","2:42","https://i.ytimg.com/vi/-oPl82IlxVw/hqdefault.jpg"
"lUYdOX_NTe4","Ludata doyde","Preslava - Topic","2026-09-23","2026-03-26","3:37","https://i.ytimg.com/vi/lUYdOX_NTe4/hqdefault.jpg"
"bWvJevMYE_I","Moj Shami E Kuqe","Elizabeta Marku - Topic","2026-09-23","2020-04-18","1:36","https://i.ytimg.com/vi/bWvJevMYE_I/hqdefault.jpg"
"6LtisZeoduE","Kcen Qika","Elizabeta Marku - Topic","2026-09-23","2020-04-18","0:59","https://i.ytimg.com/vi/6LtisZeoduE/hqdefault.jpg"
"AL99NMpvErM","Luj Moj Qike","Elizabeta Marku - Topic","2026-09-23","2020-04-18","1:21","https://i.ytimg.com/vi/AL99NMpvErM/hqdefault.jpg"
"IZZm61jDPZg","Moj Dukane","Elizabeta Marku - Topic","2026-09-23","2020-04-18","1:10","https://i.ytimg.com/vi/IZZm61jDPZg/hqdefault.jpg"
"zy54gcUewAk","Kalle Kalle Malin","Elizabeta Marku - Topic","2026-09-23","2020-04-18","2:00","https://i.ytimg.com/vi/zy54gcUewAk/hqdefault.jpg"
"GV8xvBMk4VQ","Babo","Release - Topic","2026-09-23","2024-02-09","3:15","https://i.ytimg.com/vi/GV8xvBMk4VQ/hqdefault.jpg"
"X0Qo1RMZytc","Gold AG x Bujar Qamili - Moj Shkodrane","Gold AG","2026-09-23","2023-06-24","3:14","https://i.ytimg.com/vi/X0Qo1RMZytc/hqdefault.jpg"
"rWXH_VhafF0","MASHALLAH","DJ Gimi-O - Topic","2026-09-23","2022-11-22","2:24","https://i.ytimg.com/vi/rWXH_VhafF0/hqdefault.jpg"
"YR16-GNKZWY","E Mire","Trimi - Topic","2026-09-23","2024-03-08","2:57","https://i.ytimg.com/vi/YR16-GNKZWY/hqdefault.jpg"
"REx2Ys_xRBw","Le te kallet dasma","Shpresa Gojani - Topic","2026-09-23","2022-12-22","9:22","https://i.ytimg.com/vi/REx2Ys_xRBw/hqdefault.jpg"
"VBZtWGdfS5w","Kaje","Yll Limani - Topic","2026-09-23","2023-06-28","2:54","https://i.ytimg.com/vi/VBZtWGdfS5w/hqdefault.jpg"
"siu1hMxPQU8","Shamija e beqarit","Shpresa Gojani - Topic","2026-09-23","2022-12-22","2:48","https://i.ytimg.com/vi/siu1hMxPQU8/hqdefault.jpg"
"_ZxuccNJ76g","Capkene","Andi Shkoza - Topic","2026-09-23","2023-01-11","3:31","https://i.ytimg.com/vi/_ZxuccNJ76g/hqdefault.jpg"
"_Vv94wW5k0c","Lamtumir","Xhensila - Topic","2026-09-23","2024-06-29","3:52","https://i.ytimg.com/vi/_Vv94wW5k0c/hqdefault.jpg"
"Brda0eeAdN0","Si Rrush","Fatima Ymeri - Topic","2026-09-23","2023-08-28","3:30","https://i.ytimg.com/vi/Brda0eeAdN0/hqdefault.jpg"
"2dwW0o7wyt8","Mirmengjes Dashni","Artjola Toska - Topic","2026-09-23","2024-03-07","3:06","https://i.ytimg.com/vi/2dwW0o7wyt8/hqdefault.jpg"
"6ZhkEDzdrZg","Hajde Shqipe (Valle Shota)","MiriBeatz - Topic","2026-09-23","2025-05-18","3:08","https://i.ytimg.com/vi/6ZhkEDzdrZg/hqdefault.jpg"
"_K_smPGgTK0","I Zoti Shpis","Gjeto Luca - Topic","2026-09-23","2022-04-27","3:15","https://i.ytimg.com/vi/_K_smPGgTK0/hqdefault.jpg"
"IHD2IXMHMoc","Lulija","Altin Sulku - Topic","2026-09-23","2023-11-23","3:24","https://i.ytimg.com/vi/IHD2IXMHMoc/hqdefault.jpg"
"31gVuKAjI7I","Ama Dorën","DJ Gimi-O - Topic","2026-09-23","2025-05-22","2:33","https://i.ytimg.com/vi/31gVuKAjI7I/hqdefault.jpg"
"-KJsrzYy_-Q","Vallja Rugoves","Alketa - Topic","2026-09-23","2023-02-16","2:33","https://i.ytimg.com/vi/-KJsrzYy_-Q/hqdefault.jpg"
"yw95FbNzDOc","Lumi Une","Irkenc Hyka - Topic","2026-09-23","2024-01-30","2:51","https://i.ytimg.com/vi/yw95FbNzDOc/hqdefault.jpg"
"28idhPdWK0E","Mkan thane shoqet","Shpresa Gojani - Topic","2026-09-23","2023-11-29","3:02","https://i.ytimg.com/vi/28idhPdWK0E/hqdefault.jpg"
"J-a1hRA1mYQ","Shoki jem dola dhe une","Shpresa Gojani - Topic","2026-09-23","2023-02-13","2:34","https://i.ytimg.com/vi/J-a1hRA1mYQ/hqdefault.jpg"
"Sky3M0Wvc88","Vdeksha une per ty","Gjyste Vulaj - Topic","2026-09-23","2025-04-29","3:12","https://i.ytimg.com/vi/Sky3M0Wvc88/hqdefault.jpg"
"_6egIGnlZdM","Sonte do ta tundim","Valbona Halili - Topic","2026-09-23","2015-08-23","3:39","https://i.ytimg.com/vi/_6egIGnlZdM/hqdefault.jpg"
"PV2qThtEEug","Combo","Butch U - Topic","2026-09-23","2022-10-09","3:23","https://i.ytimg.com/vi/PV2qThtEEug/hqdefault.jpg"
"vAdLnptXULQ","Nightfall","Butch U - Topic","2026-09-23","2024-03-21","3:06","https://i.ytimg.com/vi/vAdLnptXULQ/hqdefault.jpg"
"IJ7W1SzzDF8","Get Low","Butch U - Topic","2026-09-23","2021-04-22","3:42","https://i.ytimg.com/vi/IJ7W1SzzDF8/hqdefault.jpg"
"9ys7cyrNrHE","Assassins","SINDICVT - Topic","2026-09-23","2022-02-17","3:28","https://i.ytimg.com/vi/9ys7cyrNrHE/hqdefault.jpg"
"GjWwkKlABMI","Ghetto Rave","Butch U - Topic","2026-09-23","2023-01-31","3:31","https://i.ytimg.com/vi/GjWwkKlABMI/hqdefault.jpg"
"vq89gxWpuIU","Dope","Butch U - Topic","2026-09-23","2021-09-09","3:12","https://i.ytimg.com/vi/vq89gxWpuIU/hqdefault.jpg"
"OrT82d399wY","Ah Pranvera","Bujar Qamili - Topic","2026-09-23","2025-01-07","2:50","https://i.ytimg.com/vi/OrT82d399wY/hqdefault.jpg"
"h7_7RNbqqXc","Hitet Ndër Vite","Bujar Qamili - Topic","2026-09-23","2024-02-09","6:11","https://i.ytimg.com/vi/h7_7RNbqqXc/hqdefault.jpg"
"_65lCjmf7Lo","Potpuri Shkodrane","Bujar Qamili - Topic","2026-09-23","2025-12-10","4:28","https://i.ytimg.com/vi/_65lCjmf7Lo/hqdefault.jpg"
"qfg7FpiJXCs","Hej Goce Qka Po Ban","Bujar Qamili - Topic","2026-09-23","2025-12-11","3:53","https://i.ytimg.com/vi/qfg7FpiJXCs/hqdefault.jpg"
"E8fGOAcT1Jk","Ma Jep Dorën Vashë","Bujar Qamili - Topic","2026-09-23","2025-12-10","3:13","https://i.ytimg.com/vi/E8fGOAcT1Jk/hqdefault.jpg"
"3rT29RUJYlQ","Hajde sonte rri me mu","Art Media + - Topic","2026-09-23","2025-01-19","3:11","https://i.ytimg.com/vi/3rT29RUJYlQ/hqdefault.jpg"
"pOv6KSRqNxM","Shokun tone po e martojme","Bujar Qamili - Topic","2026-09-23","2024-02-10","3:58","https://i.ytimg.com/vi/pOv6KSRqNxM/hqdefault.jpg"
"cXNNDghU6SU","M'i Dhe Flakë Mallit Tim","Bujar Qamili - Topic","2026-09-23","2025-12-10","2:20","https://i.ytimg.com/vi/cXNNDghU6SU/hqdefault.jpg"
"bOWMANnQSp4","Moj E Mira","Bujar Qamili - Topic","2026-09-23","2025-12-11","4:05","https://i.ytimg.com/vi/bOWMANnQSp4/hqdefault.jpg"
"K8jKb01oO0M","Potpuri","Bujar Qamili - Topic","2026-09-23","2025-12-11","5:13","https://i.ytimg.com/vi/K8jKb01oO0M/hqdefault.jpg"
"l1Tw-9BSYGw","Ç'Po Këndon Bilbili","Bujar Qamili - Topic","2026-09-23","2025-12-10","3:24","https://i.ytimg.com/vi/l1Tw-9BSYGw/hqdefault.jpg"
"HahdrxJsHhc","Anti-Everything","Hi-Rez - Topic","2026-09-23","2024-02-08","2:47","https://i.ytimg.com/vi/HahdrxJsHhc/hqdefault.jpg"
"CgeEEFpnvZA","The System","Tom MacDonald - Topic","2026-09-23","2022-05-07","3:23","https://i.ytimg.com/vi/CgeEEFpnvZA/hqdefault.jpg"
"Bn7RaR7DfO8","Vetëm Mua","Nora Istrefi - Topic","2026-09-23","2026-01-16","3:32","https://i.ytimg.com/vi/Bn7RaR7DfO8/hqdefault.jpg"
"DCsKX8TvojU","Immigration","The Real Samson - Topic","2026-09-23","2025-08-17","4:55","https://i.ytimg.com/vi/DCsKX8TvojU/hqdefault.jpg"
"KOR51t1DQx8","KILLSHOT 3","Dax - Topic","2026-09-23","2026-02-05","3:54","https://i.ytimg.com/vi/KOR51t1DQx8/hqdefault.jpg"
"Huj3w9AYAC0","The Donut Friar","The Real Samson - Topic","2026-09-23","2024-07-14","2:41","https://i.ytimg.com/vi/Huj3w9AYAC0/hqdefault.jpg"
"yYQ6eNwwpjI","FTC","The Real Samson - Topic","2026-09-23","2021-06-15","3:21","https://i.ytimg.com/vi/yYQ6eNwwpjI/hqdefault.jpg"
"iGGBLvwcDC8","Sincerely, A Tax Payer","The Real Samson - Topic","2026-09-23","2023-09-17","4:46","https://i.ytimg.com/vi/iGGBLvwcDC8/hqdefault.jpg"
"F6Eh5PcsU4E","Price Hike","The Real Samson - Topic","2026-09-23","2023-09-03","2:44","https://i.ytimg.com/vi/F6Eh5PcsU4E/hqdefault.jpg"
"zTWrnjqNAck","Nancy (feat. Kato On The Track)","The Real Samson - Topic","2026-09-23","2022-11-28","2:50","https://i.ytimg.com/vi/zTWrnjqNAck/hqdefault.jpg"
"LUUe75z7oJg","The Sixth Sense","The Real Samson - Topic","2026-09-23","2024-08-27","3:22","https://i.ytimg.com/vi/LUUe75z7oJg/hqdefault.jpg"
"SqhBiVbJmhI","Joe Dirt","The Real Samson - Topic","2026-09-23","2024-09-30","2:11","https://i.ytimg.com/vi/SqhBiVbJmhI/hqdefault.jpg"
"IqHX3Obtwvc","A quick word.","The Real Samson - Topic","2026-09-23","2022-02-26","4:23","https://i.ytimg.com/vi/IqHX3Obtwvc/hqdefault.jpg"
"qeIxFjnqWq0","Tipping Point","The Real Samson - Topic","2026-09-23","2025-10-02","5:11","https://i.ytimg.com/vi/qeIxFjnqWq0/hqdefault.jpg"
"W_Gd-H7bdoM","Cesspool","The Real Samson - Topic","2026-09-23","2024-06-18","4:12","https://i.ytimg.com/vi/W_Gd-H7bdoM/hqdefault.jpg"
"aQdvK27wIVU","Falma Nje Jete","Sinan Vllasaliu - Topic","2026-09-23","2020-02-06","4:06","https://i.ytimg.com/vi/aQdvK27wIVU/hqdefault.jpg"
"mr3E8d0CU0U","Summertime Blues","Alan Jackson - Topic","2026-09-23","2015-08-12","3:13","https://i.ytimg.com/vi/mr3E8d0CU0U/hqdefault.jpg"
"PwEcFdLUOv4","Ka t fryn era ti je ba","Blerina Dibra - Topic","2026-09-23","2025-09-23","3:09","https://i.ytimg.com/vi/PwEcFdLUOv4/hqdefault.jpg"
"AF-iBCkd2ik","Luj","Shpresa Gojani - Topic","2026-09-23","2025-01-09","3:19","https://i.ytimg.com/vi/AF-iBCkd2ik/hqdefault.jpg"
"mHQmeg20gno","Mezi Pres","Irkenc Hyka - Topic","2026-09-23","2023-11-27","3:06","https://i.ytimg.com/vi/mHQmeg20gno/hqdefault.jpg"
"ZwUb276jQ3k","S'është dashnija","Teuta Selimi - Topic","2026-09-23","2025-05-31","3:53","https://i.ytimg.com/vi/ZwUb276jQ3k/hqdefault.jpg"
"noQeQwoJfbQ","Zoti I Shpis Tu Rit Ndera","Elizabeta Marku - Topic","2026-09-23","2020-04-18","3:28","https://i.ytimg.com/vi/noQeQwoJfbQ/hqdefault.jpg"
"X-U9pOFlgdg","Po Vjen Shota","Elizabeta Marku - Topic","2026-09-23","2020-04-18","1:53","https://i.ytimg.com/vi/X-U9pOFlgdg/hqdefault.jpg"
"TDnWVcK9-wU","Goj Sheqere","Elizabeta Marku - Topic","2026-09-23","2020-04-18","1:41","https://i.ytimg.com/vi/TDnWVcK9-wU/hqdefault.jpg"
"LITBAAcYxGc","Oj Lulija Jone","Elizabeta Marku - Topic","2026-09-23","2020-04-18","2:06","https://i.ytimg.com/vi/LITBAAcYxGc/hqdefault.jpg"
"h3VafYwZWVo","Kush Te Don Me Mire","Elizabeta Marku - Topic","2026-09-23","2020-04-18","3:39","https://i.ytimg.com/vi/h3VafYwZWVo/hqdefault.jpg"
"3ZyBTrRL0rs","Vallja E Tropojes","Elizabeta Marku - Topic","2026-09-23","2020-04-18","1:31","https://i.ytimg.com/vi/3ZyBTrRL0rs/hqdefault.jpg"
"Lc2c_TIt5ao","Eja Eja","Elizabeta Marku - Topic","2026-09-23","2020-04-18","2:18","https://i.ytimg.com/vi/Lc2c_TIt5ao/hqdefault.jpg"
"XfGXZRDQxYU","Ma E Bukura Femer","Elizabeta Marku - Topic","2026-09-23","2020-04-18","2:58","https://i.ytimg.com/vi/XfGXZRDQxYU/hqdefault.jpg"
"a9VHqvDalAs","The Next Rap God","Dax - Topic","2026-09-23","2026-02-05","10:01","https://i.ytimg.com/vi/a9VHqvDalAs/hqdefault.jpg"
"oJr_UpVzOro","Луда по тебе","Камелия - Topic","2026-09-23","2020-02-16","3:18","https://i.ytimg.com/vi/oJr_UpVzOro/hqdefault.jpg"
"LU2a3yWbrUQ","S9 x Loris Alboz - Adrenalina (Lyric Video)","S9 Official","2026-09-23","2024-02-18","3:30","https://i.ytimg.com/vi/LU2a3yWbrUQ/hqdefault.jpg"
"LxBbX9IdA2Y","I Have A Dream","ABBA - Topic","2026-09-23","2018-07-26","4:46","https://i.ytimg.com/vi/LxBbX9IdA2Y/hqdefault.jpg"
"4fYyiUaWgBU","Let Me Down Easy","Billy Currington - Topic","2026-09-23","2018-07-23","3:49","https://i.ytimg.com/vi/4fYyiUaWgBU/hqdefault.jpg"
"xVS_EKg6N1k","Tequila Makes Her Clothes Fall Off","Joe Nichols - Topic","2026-09-23","2018-07-29","3:08","https://i.ytimg.com/vi/xVS_EKg6N1k/hqdefault.jpg"
"Pdbg44M37Q4","The Sign (Remastered)","Ace of Base - Topic","2026-09-23","2017-02-18","3:12","https://i.ytimg.com/vi/Pdbg44M37Q4/hqdefault.jpg"
"LNSh_DczCZE","Must Be Doin' Somethin' Right","Billy Currington - Topic","2026-09-23","2018-09-15","4:30","https://i.ytimg.com/vi/LNSh_DczCZE/hqdefault.jpg"
"NCtFLPgCUho","The Power of Grace","Natalie Grace - Topic","2026-09-23","2025-06-18","3:40","https://i.ytimg.com/vi/NCtFLPgCUho/hqdefault.jpg"
"x_e11ns_lQ8","Anche Senza di Te","Frederik Doci - Topic","2026-09-23","2015-07-10","4:29","https://i.ytimg.com/vi/x_e11ns_lQ8/hqdefault.jpg"
"obNBSTEL3_c","Glass Heart","Frederik Doci - Topic","2026-09-23","2015-07-10","4:20","https://i.ytimg.com/vi/obNBSTEL3_c/hqdefault.jpg"
"Dij4kTJNnnE","Country Gold","Anne Wilson - Topic","2026-09-23","2024-04-18","3:17","https://i.ytimg.com/vi/Dij4kTJNnnE/hqdefault.jpg"
"kCiejQTgSt8","Cowgirls Don't Cry","Brooks & Dunn - Topic","2026-09-23","2017-04-08","3:40","https://i.ytimg.com/vi/kCiejQTgSt8/hqdefault.jpg"
"iQEpTa3VqLU","Daddy Cool","Boney M. - Topic","2026-09-23","2017-02-25","3:29","https://i.ytimg.com/vi/iQEpTa3VqLU/hqdefault.jpg"
"7UZ4eU58pPo","Time Marches On","Tracy Lawrence - Topic","2026-09-23","2016-08-17","3:06","https://i.ytimg.com/vi/7UZ4eU58pPo/hqdefault.jpg"
"jAJOtR8IJZs","I Want to Break Free","Queen - Topic","2026-09-23","2026-06-30","3:19","https://i.ytimg.com/vi/jAJOtR8IJZs/hqdefault.jpg"
"TxaRCQ3gQKE","If It Was Up To Me","Ben Fuller - Topic","2026-09-23","2025-04-10","3:15","https://i.ytimg.com/vi/TxaRCQ3gQKE/hqdefault.jpg"
"n0NPJdxbsKI","Keep The Light On","David Leonard - Topic","2026-09-23","2023-10-26","3:23","https://i.ytimg.com/vi/n0NPJdxbsKI/hqdefault.jpg"
"BDwE8flbDqE","Caruso Medley","Frederik Doci - Topic","2026-09-23","2015-07-10","7:10","https://i.ytimg.com/vi/BDwE8flbDqE/hqdefault.jpg"
"wLYJoudwAto","Musica","Frederik Doci - Topic","2026-09-23","2015-07-10","4:57","https://i.ytimg.com/vi/wLYJoudwAto/hqdefault.jpg"
"Zk-L6U46sZ0","Return to Me","Frederik Doci - Topic","2026-09-23","2015-07-10","5:44","https://i.ytimg.com/vi/Zk-L6U46sZ0/hqdefault.jpg"
"_x8g-Ss531I","El Dichoso Soy Yo","Frederik Doci - Topic","2026-09-23","2015-07-10","4:41","https://i.ytimg.com/vi/_x8g-Ss531I/hqdefault.jpg"
"RgzxmdvPIC8","Corazon de Cristal","Frederik Doci - Topic","2026-09-23","2015-07-10","4:22","https://i.ytimg.com/vi/RgzxmdvPIC8/hqdefault.jpg"
"_bbVk0aEZnU","CD 1- Malaguena Salerosa","Frederik Doci - Topic","2026-09-23","2015-07-10","4:55","https://i.ytimg.com/vi/_bbVk0aEZnU/hqdefault.jpg"
"W9EGS6DiLqc","Këngë Dasme","Artiola Toska - Topic","2026-09-23","2025-12-11","3:21","https://i.ytimg.com/vi/W9EGS6DiLqc/hqdefault.jpg"
"b0JK8_XErp4","Merita Lika - Cigani (Lyrics)","SuperStarAlbania","2026-09-23","2024-04-04","4:06","https://i.ytimg.com/vi/b0JK8_XErp4/hqdefault.jpg"
"3Q2qOhWRIjw","Artjola Toska ,  Harxhoje paren","Ardita Shtjefni","2026-09-23","2009-10-03","3:33","https://i.ytimg.com/vi/3Q2qOhWRIjw/hqdefault.jpg"
"UNzxc_FvIj8","Kurt Lika - Lulja e kurbinit","Kurt Lika","2026-09-23","2016-11-28","3:45","https://i.ytimg.com/vi/UNzxc_FvIj8/hqdefault.jpg"
"syFC1BPBsgw","Anila Mimani - Do digjesh zjarr (Official Video HD)","Anila Mimani Official","2026-09-23","2017-09-28","3:24","https://i.ytimg.com/vi/syFC1BPBsgw/hqdefault.jpg"
"d9j5e2FNSOg","After the Fire's Gone","CORDELIA - Topic","2026-09-23","2024-02-08","3:08","https://i.ytimg.com/vi/d9j5e2FNSOg/hqdefault.jpg"
"VRnRBUZRbmg","Dale","Butrint Imeri - Topic","2026-09-23","2025-01-19","3:07","https://i.ytimg.com/vi/VRnRBUZRbmg/hqdefault.jpg"
"PtIl7K9KpC4","Jeta e bukur","Princ1 - Topic","2026-09-23","2024-11-30","2:36","https://i.ytimg.com/vi/PtIl7K9KpC4/hqdefault.jpg"
"DXnS8mqUDyQ","Rain On Me","Lady Gaga - Topic","2026-09-23","2020-05-28","3:03","https://i.ytimg.com/vi/DXnS8mqUDyQ/hqdefault.jpg"
"hAOIPHYC9tg","God Never Gave Up On Me","Levi Asher - Topic","2026-09-23","2025-12-02","5:23","https://i.ytimg.com/vi/hAOIPHYC9tg/hqdefault.jpg"
"rhLwiBQVPDs","Living Hope","Release - Topic","2026-09-23","2018-07-19","5:27","https://i.ytimg.com/vi/rhLwiBQVPDs/hqdefault.jpg"
"r21YAi98Kxw","Stay (Gonna Be Okay)","Seph Schlueter - Topic","2026-09-23","2025-07-10","3:25","https://i.ytimg.com/vi/r21YAi98Kxw/hqdefault.jpg"
"MFdQR3CS65Y","RUN 2 U (Viral Version)","Hindrix Brown - Topic","2026-09-23","2026-01-16","3:23","https://i.ytimg.com/vi/MFdQR3CS65Y/hqdefault.jpg"
"_rcCb0-AhUM","The Cross","Anne Wilson - Topic","2026-09-23","2024-04-18","3:42","https://i.ytimg.com/vi/_rcCb0-AhUM/hqdefault.jpg"
"0TnaBiS599w","Devil","Anne Wilson - Topic","2026-09-23","2021-04-15","3:25","https://i.ytimg.com/vi/0TnaBiS599w/hqdefault.jpg"
"DjmO9yAzJvc","3:16","Anne Wilson - Topic","2026-09-23","2024-04-18","3:07","https://i.ytimg.com/vi/DjmO9yAzJvc/hqdefault.jpg"
"xi1MzGDEqwc","Sinner's Prayer","Anne Wilson - Topic","2026-09-23","2024-04-18","3:17","https://i.ytimg.com/vi/xi1MzGDEqwc/hqdefault.jpg"
"nqhfmcbWyYs","Those People","Anne Wilson - Topic","2026-09-23","2025-10-16","3:24","https://i.ytimg.com/vi/nqhfmcbWyYs/hqdefault.jpg"
"dJkOTgkz0Vc","Still Do","Anne Wilson - Topic","2026-09-23","2025-10-16","3:04","https://i.ytimg.com/vi/dJkOTgkz0Vc/hqdefault.jpg"
"KZ-BlWJo9Js","That's What We Need","Anne Wilson - Topic","2026-09-23","2022-04-21","3:38","https://i.ytimg.com/vi/KZ-BlWJo9Js/hqdefault.jpg"
"QEa6TQJWhvQ","God & Country","Anne Wilson - Topic","2026-09-23","2024-02-01","3:20","https://i.ytimg.com/vi/QEa6TQJWhvQ/hqdefault.jpg"
"0CCTDvm3Hkg","Forever I Am Yours","Deep Calls to Deep - Topic","2026-09-23","2025-12-01","4:40","https://i.ytimg.com/vi/0CCTDvm3Hkg/hqdefault.jpg"
"TcXGRi1RJVc","'I AM WHO I AM' (Exodus 3:14)","HalleluYah Voice Of Zion - Topic","2026-09-23","2025-11-07","4:40","https://i.ytimg.com/vi/TcXGRi1RJVc/hqdefault.jpg"
"HWhSL0wEwtk","Ermenita Hoxha - Sekretet E Mia ( Furkan Demir ft.Murat Karaytu Remix ) | Dü Dü Dü","Furkan Akar Demir","2026-09-23","2022-11-21","3:01","https://i.ytimg.com/vi/HWhSL0wEwtk/hqdefault.jpg"
"uzYvhs-LG8A","Jesus On The Radio","Anne Wilson - Topic","2026-09-23","2025-10-16","3:33","https://i.ytimg.com/vi/uzYvhs-LG8A/hqdefault.jpg"
"4OtLymBZXIQ","Dirt Roads In Heaven","Anne Wilson - Topic","2026-09-23","2024-04-18","3:23","https://i.ytimg.com/vi/4OtLymBZXIQ/hqdefault.jpg"
"PhceVRbC4-c","Jesus Does","We The Kingdom - Topic","2026-09-23","2023-08-24","3:50","https://i.ytimg.com/vi/PhceVRbC4-c/hqdefault.jpg"
"bOrrBxu-6lI","The Cross","Anne Wilson - Topic","2026-09-23","2024-08-15","3:42","https://i.ytimg.com/vi/bOrrBxu-6lI/hqdefault.jpg"
"AaXvI1tcvDU","Red Flag","Anne Wilson - Topic","2026-09-23","2024-04-18","3:13","https://i.ytimg.com/vi/AaXvI1tcvDU/hqdefault.jpg"
"Xkx51dbYS5U","Speak to the Mountain","Seek First Worship - Topic","2026-09-23","2026-01-02","5:14","https://i.ytimg.com/vi/Xkx51dbYS5U/hqdefault.jpg"
"rcGw4cm5sHM","Dead In The Water","Anne Wilson - Topic","2026-09-23","2025-10-16","4:10","https://i.ytimg.com/vi/rcGw4cm5sHM/hqdefault.jpg"
"_kCuAMKRCK8","Something About That Name","Anne Wilson - Topic","2026-09-23","2021-04-15","3:33","https://i.ytimg.com/vi/_kCuAMKRCK8/hqdefault.jpg"
"noqgw0uDzI0","Twenty Three","Anne Wilson - Topic","2026-09-23","2025-07-31","2:56","https://i.ytimg.com/vi/noqgw0uDzI0/hqdefault.jpg"
"78NS8YjJlxw","Just Be Held","Casting Crowns - Topic","2026-09-23","2023-09-28","3:38","https://i.ytimg.com/vi/78NS8YjJlxw/hqdefault.jpg"
"myCx9I-UHHg","Mansions","Anne Wilson - Topic","2026-09-23","2022-04-21","3:08","https://i.ytimg.com/vi/myCx9I-UHHg/hqdefault.jpg"
"sTby35spmbA","The Carpenter","Anne Wilson - Topic","2026-09-23","2025-10-16","3:12","https://i.ytimg.com/vi/sTby35spmbA/hqdefault.jpg"
"UfdbQWCmmqc","In Jesus Name (God Of Possible) (Piano Version)","Katy Nichole - Topic","2026-09-23","2022-02-24","3:41","https://i.ytimg.com/vi/UfdbQWCmmqc/hqdefault.jpg"
"3Qen1A6wBZU","If I Got Jesus","Ben Fuller - Topic","2026-09-23","2023-08-10","3:52","https://i.ytimg.com/vi/3Qen1A6wBZU/hqdefault.jpg"
"LyWS0523Kgo","Never","Tasha Layton - Topic","2026-09-23","2023-06-22","3:35","https://i.ytimg.com/vi/LyWS0523Kgo/hqdefault.jpg"
"LY_3kA-w2GQ","Way Maker","Leeland - Topic","2026-09-23","2025-01-24","3:27","https://i.ytimg.com/vi/LY_3kA-w2GQ/hqdefault.jpg"
"uRVk-_45Z4g","I Believe You","Megan Woods - Topic","2026-09-23","2025-06-05","3:35","https://i.ytimg.com/vi/uRVk-_45Z4g/hqdefault.jpg"
"NcLlv9G8RFI","I Believe It (The Life of Jesus)","Jon Reddick - Topic","2026-09-23","2023-01-08","3:46","https://i.ytimg.com/vi/NcLlv9G8RFI/hqdefault.jpg"
"6zluKUjrZ0Y","Still Waters (Psalm 23)","Leanna Crawford - Topic","2026-09-23","2024-05-23","3:57","https://i.ytimg.com/vi/6zluKUjrZ0Y/hqdefault.jpg"
"1228OGiK1dM","I Speak Jesus","Charity Gayle - Topic","2026-09-23","2021-08-03","4:49","https://i.ytimg.com/vi/1228OGiK1dM/hqdefault.jpg"
"BiRXALKYY2M","Goodness of God","Anthem Worship - Topic","2026-09-23","2024-04-04","3:49","https://i.ytimg.com/vi/BiRXALKYY2M/hqdefault.jpg"
"F64xJBKBJEs","Gratitude","I AM THEY - Topic","2026-09-23","2026-01-25","4:13","https://i.ytimg.com/vi/F64xJBKBJEs/hqdefault.jpg"
"dptbb9-OzHg","Holy Ground","Ella Scott - Topic","2026-09-23","2025-08-04","3:38","https://i.ytimg.com/vi/dptbb9-OzHg/hqdefault.jpg"
"VYkP-IahKCU","How Can You Not","Leanna Crawford - Topic","2026-09-23","2022-10-06","3:13","https://i.ytimg.com/vi/VYkP-IahKCU/hqdefault.jpg"
"hCTpOHtroA8","This Is Our God","Phil Wickham - Topic","2026-09-23","2023-01-12","4:26","https://i.ytimg.com/vi/hCTpOHtroA8/hqdefault.jpg"
"KDFKhYFqRFA","10,000 Reasons (Bless The Lord) [Radio Version] (Radio Version/Live)","Matt Redman - Topic","2026-09-23","2016-08-24","4:17","https://i.ytimg.com/vi/KDFKhYFqRFA/hqdefault.jpg"
"GfYo9-vJQUk","Don't Stop Praying","Matthew West - Topic","2026-09-23","2024-01-04","3:54","https://i.ytimg.com/vi/GfYo9-vJQUk/hqdefault.jpg"
"Y3ut-A0s7h0","You Say (Piano/Vocal)","Lauren Daigle - Topic","2026-09-23","2019-01-24","4:37","https://i.ytimg.com/vi/Y3ut-A0s7h0/hqdefault.jpg"
"6JUNVyb4ctE","Counting My Blessings","Seph Schlueter - Topic","2026-09-23","2024-03-14","3:30","https://i.ytimg.com/vi/6JUNVyb4ctE/hqdefault.jpg"
"UpwAVLqQKDE","The Truth","Megan Woods - Topic","2026-09-23","2024-05-30","3:43","https://i.ytimg.com/vi/UpwAVLqQKDE/hqdefault.jpg"
"qsEhNEl6a70","Holy Forever","Anthem Worship - Topic","2026-09-23","2024-05-02","3:44","https://i.ytimg.com/vi/qsEhNEl6a70/hqdefault.jpg"
"qhf6pthQPXQ","Lord, I’m Not Okay and I Need You","Imani Shiloh - Topic","2026-09-23","2025-10-16","3:43","https://i.ytimg.com/vi/qhf6pthQPXQ/hqdefault.jpg"
"RBuoWUxnRXI","Honest","Leanna Crawford - Topic","2026-09-23","2024-07-18","3:53","https://i.ytimg.com/vi/RBuoWUxnRXI/hqdefault.jpg"
"B2pG7J5SSx4","Holy Forever","Chris Tomlin - Topic","2026-09-23","2022-09-08","5:09","https://i.ytimg.com/vi/B2pG7J5SSx4/hqdefault.jpg"
"VXEkWAxSQ4w","1 милион","DJ Damyan - Topic","2026-09-23","2024-06-30","3:40","https://i.ytimg.com/vi/VXEkWAxSQ4w/hqdefault.jpg"
"Tg3ngfCnq1k","The Gutter Shit (Feat. Jayo Felony, Gangsta And Squeak Ru)","Ice Cube - Topic","2026-09-23","2017-05-09","4:30","https://i.ytimg.com/vi/Tg3ngfCnq1k/hqdefault.jpg"
"pajxGKdFOCw","Latin Moon","Mia Martina - Topic","2026-09-23","2019-09-27","3:45","https://i.ytimg.com/vi/pajxGKdFOCw/hqdefault.jpg"
"Q8xkcnHjKYY","The God Who Stays (Live at the Caverns)","Matthew West - Topic","2026-09-23","2021-04-08","3:23","https://i.ytimg.com/vi/Q8xkcnHjKYY/hqdefault.jpg"
"Wdx599ntmu0","Dasma e malesorit","Artan Kola - Topic","2026-09-23","2024-03-20","3:43","https://i.ytimg.com/vi/Wdx599ntmu0/hqdefault.jpg"
"4QEry6WJCXg","Moves","Zach Diamond - Topic","2026-09-23","2024-01-25","2:05","https://i.ytimg.com/vi/4QEry6WJCXg/hqdefault.jpg"
"HTQ7MGzJr0c","You Can Do It","Ice Cube - Topic","2026-09-23","2017-03-02","4:20","https://i.ytimg.com/vi/HTQ7MGzJr0c/hqdefault.jpg"
"fzoxN629cok","Sickick - Official SickMix Part 9","SickickMusic","2026-09-23","2023-03-31","20:50","https://i.ytimg.com/vi/fzoxN629cok/hqdefault.jpg"
"y_CyZmcklFI","Sickick - Official SickMix Part 7","SickickMusic","2026-09-23","2022-10-29","15:16","https://i.ytimg.com/vi/y_CyZmcklFI/hqdefault.jpg"
"YNWeIQUEeAU","Sickick - Official SickMix Part 6","SickickMusic","2026-09-23","2022-08-05","17:26","https://i.ytimg.com/vi/YNWeIQUEeAU/hqdefault.jpg"
"yjPTJtNoJqk","Sickick - Official SickMix Part 5","SickickMusic","2026-09-23","2021-12-31","24:27","https://i.ytimg.com/vi/yjPTJtNoJqk/hqdefault.jpg"
"M-4DhH0jZhw","Sickick - Official SickMix Part 4","SickickMusic","2026-09-23","2021-11-12","16:45","https://i.ytimg.com/vi/M-4DhH0jZhw/hqdefault.jpg"
"XXsJxOxa4Sk","GALENA - KADE BESHE TI | Галена - Къде беше ти","GALENA","2026-09-23","2021-01-19","3:40","https://i.ytimg.com/vi/XXsJxOxa4Sk/hqdefault.jpg"
"CotGxZ9BaGQ","Sedem miliarda","Djena - Topic","2026-09-23","2026-04-14","3:06","https://i.ytimg.com/vi/CotGxZ9BaGQ/hqdefault.jpg"
"BIbcaD7bl10","What Do You Say","Reba McEntire - Topic","2026-09-23","2018-07-20","3:30","https://i.ytimg.com/vi/BIbcaD7bl10/hqdefault.jpg"
"tA4tJo5dV-c","Tini Gessler - For The Soul","PROFOUND","2026-09-23","2025-11-28","5:18","https://i.ytimg.com/vi/tA4tJo5dV-c/hqdefault.jpg"
"YiyJOtNmDgY","Motivation","Cristian Marchi - Topic","2026-09-23","2025-02-27","2:19","https://i.ytimg.com/vi/YiyJOtNmDgY/hqdefault.jpg"
"fPJYsE-wCYo","Fast Cars & Superstars","Cristian Marchi - Topic","2026-09-23","2024-10-10","1:59","https://i.ytimg.com/vi/fPJYsE-wCYo/hqdefault.jpg"
"XUT6PJ0FBM0","Vanitosa (feat. Angelica) [Original Mix]","Gigi Fuscaldo - Topic","2026-09-23","2014-06-08","5:05","https://i.ytimg.com/vi/XUT6PJ0FBM0/hqdefault.jpg"
"htg8v0g_4e4","Don't Start Now","Dua Lipa - Topic","2026-09-23","2019-10-31","3:04","https://i.ytimg.com/vi/htg8v0g_4e4/hqdefault.jpg"
"1FrzfQlPOZM","The Sweetest Ass in the World","Robert Cristian - Topic","2026-09-23","2023-07-14","3:00","https://i.ytimg.com/vi/1FrzfQlPOZM/hqdefault.jpg"
"YGiBUN6EjCo","Mercy","Kanye West - Topic","2026-09-23","2018-07-29","5:30","https://i.ytimg.com/vi/YGiBUN6EjCo/hqdefault.jpg"
"MsGfE7qg4CI","No Roots","Alice Merton - Topic","2026-09-23","2020-05-21","3:58","https://i.ytimg.com/vi/MsGfE7qg4CI/hqdefault.jpg"
"I2cgSR3RFes","Pi Ti","Princ1 - Topic","2026-09-23","2025-04-30","2:34","https://i.ytimg.com/vi/I2cgSR3RFes/hqdefault.jpg"
"hZGTYMzlwC4","Dax - ""THE NEXT RAP GOD 2""  [One Take Video]","Dax","2026-09-23","2021-11-23","20:45","https://i.ytimg.com/vi/hZGTYMzlwC4/hqdefault.jpg"
"cgxiN5WSxhU","My Number One","Helena Paparizou - Topic","2026-09-23","2017-01-26","2:56","https://i.ytimg.com/vi/cgxiN5WSxhU/hqdefault.jpg"
"77zog6Up_Yg","Barbie Girl","Aqua - Topic","2026-09-23","2018-07-23","3:18","https://i.ytimg.com/vi/77zog6Up_Yg/hqdefault.jpg"
"dd7BHAjGUnc","Big Big World","Emilia - Topic","2026-09-23","2020-01-30","3:26","https://i.ytimg.com/vi/dd7BHAjGUnc/hqdefault.jpg"
"3Nsmdm_823I","Iris","Emily Linge - Topic","2026-09-23","2026-01-29","3:20","https://i.ytimg.com/vi/3Nsmdm_823I/hqdefault.jpg"
"KouzKM1VqaI","The Power Of Love x I'm Alive","LABACK - Topic","2026-09-23","2025-03-19","2:48","https://i.ytimg.com/vi/KouzKM1VqaI/hqdefault.jpg"
"cRWzsoapK_w","Looking Back","David M Milam - Topic","2026-09-23","2025-07-25","4:02","https://i.ytimg.com/vi/cRWzsoapK_w/hqdefault.jpg"
"ezcIVs3lZAU","birthday cake","Dylan Conrique - Topic","2026-09-23","2026-07-02","3:26","https://i.ytimg.com/vi/ezcIVs3lZAU/hqdefault.jpg"
"fwmbcLbiF5I","Carrie Underwood - There's a Place For Us","JoelRules76","2026-09-23","2010-11-16","3:54","https://i.ytimg.com/vi/fwmbcLbiF5I/hqdefault.jpg"
"LYyUr75fs_o","You Belong With Me","Taylor Swift - Topic","2026-09-23","2018-12-12","3:52","https://i.ytimg.com/vi/LYyUr75fs_o/hqdefault.jpg"
"Ns0U9P7FE9c","Kissin U","Miranda Cosgrove - Topic","2026-09-23","2017-09-11","3:20","https://i.ytimg.com/vi/Ns0U9P7FE9c/hqdefault.jpg"
"g1UJ28BGFMU","Going Blonde","Kaylee Rose - Topic","2026-09-23","2025-10-23","2:44","https://i.ytimg.com/vi/g1UJ28BGFMU/hqdefault.jpg"
"dhi_x_I-vH4","Get Into My Pants (Rare 1990s Song)","SuS Records - Topic","2026-09-23","2025-11-10","3:20","https://i.ytimg.com/vi/dhi_x_I-vH4/hqdefault.jpg"
"49DL70klZjI","Because of You","Kelly Clarkson - Topic","2026-09-23","2015-09-23","3:40","https://i.ytimg.com/vi/49DL70klZjI/hqdefault.jpg"
"4fyunoINF2I","Undo","Sanna Nielsen - Topic","2026-09-23","2016-04-07","3:08","https://i.ytimg.com/vi/4fyunoINF2I/hqdefault.jpg"
"k6sfsKJQn1k","Stuttering (Album Version)","Fefe Dobson - Topic","2026-09-23","2018-07-31","3:10","https://i.ytimg.com/vi/k6sfsKJQn1k/hqdefault.jpg"
"40FT-gjHpXs","Ratata","La Fuente - Topic","2026-09-23","2024-03-28","2:29","https://i.ytimg.com/vi/40FT-gjHpXs/hqdefault.jpg"
"q4FCOPibVEk","Ragga Bomb (with Ragga Twins)","Skrillex - Topic","2026-09-23","2014-11-08","4:19","https://i.ytimg.com/vi/q4FCOPibVEk/hqdefault.jpg"
"64mx7TiCbuY","Boyz-N-The-Hood","Eazy-E - Topic","2026-09-23","2017-05-11","5:40","https://i.ytimg.com/vi/64mx7TiCbuY/hqdefault.jpg"
"MtHaW_CHvvI","Si Kokaina","Flamuri & Iliri - Topic","2026-09-23","2024-07-02","2:27","https://i.ytimg.com/vi/MtHaW_CHvvI/hqdefault.jpg"
"SnepjMhoqqs","200KM","Kastro - Topic","2026-09-23","2021-05-21","3:03","https://i.ytimg.com/vi/SnepjMhoqqs/hqdefault.jpg"
"zx37enrUSjw","Luje","Lisi - Topic","2026-09-23","2025-05-22","2:39","https://i.ytimg.com/vi/zx37enrUSjw/hqdefault.jpg"
"a2HBBhbKL90","Tap Tap","Princ1 - Topic","2026-09-23","2025-07-10","2:25","https://i.ytimg.com/vi/a2HBBhbKL90/hqdefault.jpg"
"xX8vYFSV6ek","Other Side","Azzecca - Topic","2026-09-23","2022-10-27","4:05","https://i.ytimg.com/vi/xX8vYFSV6ek/hqdefault.jpg"
"KB2mMUAwwu4","Pllumat","Princ1 - Topic","2026-09-23","2024-02-14","3:26","https://i.ytimg.com/vi/KB2mMUAwwu4/hqdefault.jpg"
"wp6U-wqnBy4","Arben Sinoni - Jom tirons i vjeter","Faber Media","2026-09-23","2025-03-29","3:53","https://i.ytimg.com/vi/wp6U-wqnBy4/hqdefault.jpg"
"aHvYhuWH3TY","Blank Sense - No Fakers (Extended Mix)","Myth of NYX","2026-09-23","2025-12-11","5:21","https://i.ytimg.com/vi/aHvYhuWH3TY/hqdefault.jpg"
"2yUaLvssQ-I","Cola (ARTBAT Remix)","CamelPhat - Topic","2026-09-23","2025-08-07","3:09","https://i.ytimg.com/vi/2yUaLvssQ-I/hqdefault.jpg"
"a_aCnuGPmvE","NAUGHTY","Tolga Yakalı - Topic","2026-09-23","2025-11-06","3:41","https://i.ytimg.com/vi/a_aCnuGPmvE/hqdefault.jpg"
"NM8kXLCquOg","Snap! Feat Run Dmc - Rhythm Is A Dancer (Check This Out) 2k25 (Rollbass Edit)","Best of Remix Official","2026-09-23","2025-09-11","3:17","https://i.ytimg.com/vi/NM8kXLCquOg/hqdefault.jpg"
"DVn-TB6i07A","Matt Sassari, CHRSTPHR & Peter Xan - Rise Extended Mix","Myth of NYX","2026-09-23","2025-12-18","4:30","https://i.ytimg.com/vi/DVn-TB6i07A/hqdefault.jpg"
"N0ElAvl_Acc","Blackberries","FISHER - Topic","2026-09-23","2025-07-17","2:02","https://i.ytimg.com/vi/N0ElAvl_Acc/hqdefault.jpg"
"z4VBz8boags","Sober","P!nk - Topic","2026-09-23","2019-03-26","4:12","https://i.ytimg.com/vi/z4VBz8boags/hqdefault.jpg"
"DTtb9rt1tnk","Complicated","Avril Lavigne - Topic","2026-09-23","2017-01-25","4:05","https://i.ytimg.com/vi/DTtb9rt1tnk/hqdefault.jpg"
"DKB-zibKwEw","Alive (TV Mix (instrumental))","Melissa O'Neil - Topic","2026-09-23","2015-05-04","2:54","https://i.ytimg.com/vi/DKB-zibKwEw/hqdefault.jpg"
"JYzKiahvIDA","Alive (Unplugged Mix)","Melissa O'Neil - Topic","2026-09-23","2015-05-04","2:55","https://i.ytimg.com/vi/JYzKiahvIDA/hqdefault.jpg"
"gfsBGCLGOD8","Driving Blind","Melissa O'Neil - Topic","2026-09-23","2015-05-04","4:20","https://i.ytimg.com/vi/gfsBGCLGOD8/hqdefault.jpg"
"PWgEt-WiM00","Speechless","Melissa O'Neil - Topic","2026-09-23","2015-05-04","4:06","https://i.ytimg.com/vi/PWgEt-WiM00/hqdefault.jpg"
"K0-MYQMynvc","Just Like January","Melissa O'Neil - Topic","2026-09-23","2015-05-04","3:21","https://i.ytimg.com/vi/K0-MYQMynvc/hqdefault.jpg"
"U80L7_udfdo","Forget About It","Melissa O'Neil - Topic","2026-09-23","2015-05-04","2:51","https://i.ytimg.com/vi/U80L7_udfdo/hqdefault.jpg"
"BoDMu63_Uzw","Kiss Goodnight","Melissa O'Neil - Topic","2026-09-23","2015-05-04","3:39","https://i.ytimg.com/vi/BoDMu63_Uzw/hqdefault.jpg"
"mxzZfkUYEgc","I Won't Take You Back","Melissa O'Neil - Topic","2026-09-23","2015-05-04","3:15","https://i.ytimg.com/vi/mxzZfkUYEgc/hqdefault.jpg"
"o48VnjQhtyg","Let It Go","Melissa O'Neil - Topic","2026-09-23","2015-05-04","3:21","https://i.ytimg.com/vi/o48VnjQhtyg/hqdefault.jpg"
"m_TKgbRvyqI","String Me Along","Melissa O'Neil - Topic","2026-09-23","2015-05-04","3:25","https://i.ytimg.com/vi/m_TKgbRvyqI/hqdefault.jpg"
"3vfdkx1Aq3A","Safe Place To Hide","Melissa O'Neil - Topic","2026-09-23","2015-05-04","3:54","https://i.ytimg.com/vi/3vfdkx1Aq3A/hqdefault.jpg"
"3GsWIH71ayU","Lule Mali","Olsi Bylyku - Topic","2026-09-23","2025-12-15","2:30","https://i.ytimg.com/vi/3GsWIH71ayU/hqdefault.jpg"
"KUZbuU0DNJU","Alive","Melissa O'Neil - Topic","2026-09-23","2015-05-04","2:53","https://i.ytimg.com/vi/KUZbuU0DNJU/hqdefault.jpg"
"P7sbjPggfkU","I Know You Want Me (Calle Ocho) (Radio Edit)","Pitbull - Topic","2026-09-23","2017-02-18","3:41","https://i.ytimg.com/vi/P7sbjPggfkU/hqdefault.jpg"
"6WC1UkkZbpQ","S9 - S and S (Visualiser) 🇦🇱🇬🇧","S9 Official","2026-09-23","2023-10-14","3:22","https://i.ytimg.com/vi/6WC1UkkZbpQ/hqdefault.jpg"
"_tN0asCy9Wk","La Street","S9 - Topic","2026-09-23","2023-09-19","2:43","https://i.ytimg.com/vi/_tN0asCy9Wk/hqdefault.jpg"
"JZZWHnK6piM","La Isla Bonita","Madonna - Topic","2026-09-23","2017-07-27","4:03","https://i.ytimg.com/vi/JZZWHnK6piM/hqdefault.jpg"
"mU6wcNuB4eQ","Rocking Around the Christmas Tree","Christmas Songs - Topic","2026-09-23","2020-03-02","2:02","https://i.ytimg.com/vi/mU6wcNuB4eQ/hqdefault.jpg"
"Zpl_oGjFO_E","Candy Shop (Funny Indian Remix)","Vindaloo Singh - Topic","2026-09-23","2025-02-03","1:34","https://i.ytimg.com/vi/Zpl_oGjFO_E/hqdefault.jpg"
"pa2j0Bh83ms","Gimme! Gimme! Gimme! (A Man After Midnight)","ABBA - Topic","2026-09-23","2018-07-26","4:53","https://i.ytimg.com/vi/pa2j0Bh83ms/hqdefault.jpg"
"O6ru-MYphRk","Elizabeta","Finem - Topic","2026-09-23","2024-08-27","2:38","https://i.ytimg.com/vi/O6ru-MYphRk/hqdefault.jpg"
"AdPOQlHihRw","Shine the Christmas Lights","MJ Hero - Topic","2026-09-23","2025-11-23","2:24","https://i.ytimg.com/vi/AdPOQlHihRw/hqdefault.jpg"
"hr9e4ijFAkk","All I Want This Christmas Is You","MJ Hero - Topic","2026-09-23","2025-11-23","3:52","https://i.ytimg.com/vi/hr9e4ijFAkk/hqdefault.jpg"
"m8uMGyIrIRc","Bloody - Distanca (Official Video)","Bloody Official","2026-09-23","2025-09-26","3:31","https://i.ytimg.com/vi/m8uMGyIrIRc/hqdefault.jpg"
"p4nK9FE8PjQ","Diss","1Twin2 - Topic","2026-09-23","2025-03-24","3:56","https://i.ytimg.com/vi/p4nK9FE8PjQ/hqdefault.jpg"
"Jn58IPcudq8","20 ALBANESI","Il Ghost - Topic","2026-09-23","2023-02-22","2:28","https://i.ytimg.com/vi/Jn58IPcudq8/hqdefault.jpg"
"qQRiIx1OE6M","Feromeni","Fero - Topic","2026-09-23","2024-12-17","3:10","https://i.ytimg.com/vi/qQRiIx1OE6M/hqdefault.jpg"
"tz0R6KSwZdo","Amazed","Lonestar - Topic","2026-09-23","2017-02-19","4:01","https://i.ytimg.com/vi/tz0R6KSwZdo/hqdefault.jpg"
"G_X2c6MPiAg","I Can Only Imagine","MercyMe - Topic","2026-09-23","2021-02-28","4:09","https://i.ytimg.com/vi/G_X2c6MPiAg/hqdefault.jpg"
"9-axbtuo4A8","Criminal","Princ1 - Topic","2026-09-23","2024-04-12","2:52","https://i.ytimg.com/vi/9-axbtuo4A8/hqdefault.jpg"
"SNuFYWHTXTw","Zemra Jem","Princ1 - Topic","2026-09-23","2025-11-09","2:45","https://i.ytimg.com/vi/SNuFYWHTXTw/hqdefault.jpg"
"SQa4UDNyM_c","Somebody will","Kristen Cruz - Topic","2026-09-23","2024-05-30","3:12","https://i.ytimg.com/vi/SQa4UDNyM_c/hqdefault.jpg"
"vuoJhY7cuis","Brasil - Cristo Redentor - Rio de Janeiro - FULL SET VIDEO (16.01.2025) Padre Guilherme","Padre Guilherme","2026-09-23","2025-02-15","1:22:39","https://i.ytimg.com/vi/vuoJhY7cuis/hqdefault.jpg"
"d0BIXytRUOI","The Words I Would Say","Sidewalk Prophets - Topic","2026-09-23","2018-03-02","3:21","https://i.ytimg.com/vi/d0BIXytRUOI/hqdefault.jpg"
"YiouO4lktLE","Falling Deeper","Layla Vaughn - Topic","2026-09-23","2025-08-23","3:14","https://i.ytimg.com/vi/YiouO4lktLE/hqdefault.jpg"
"mZxGIfDWzr4","Power Over Me","Dermot Kennedy - Topic","2026-09-23","2019-10-03","3:27","https://i.ytimg.com/vi/mZxGIfDWzr4/hqdefault.jpg"
"nSbi5Bk9WTM","Still","Hillary Scott - Topic","2026-09-23","2018-07-26","3:24","https://i.ytimg.com/vi/nSbi5Bk9WTM/hqdefault.jpg"
"GTTwuTHqkjk","What He Didn't Do","Carly Pearce - Topic","2026-09-23","2021-09-16","3:12","https://i.ytimg.com/vi/GTTwuTHqkjk/hqdefault.jpg"
"ueMn8mAJ87k","Tiny Life","Danny Gokey - Topic","2026-09-23","2014-11-08","3:50","https://i.ytimg.com/vi/ueMn8mAJ87k/hqdefault.jpg"
"ypBKWUbutRk","Kind To Myself","Tenth Avenue North - Topic","2026-09-23","2025-01-16","3:03","https://i.ytimg.com/vi/ypBKWUbutRk/hqdefault.jpg"
"3qMGa4G2gwo","Lovely Words","Ela Rose - Topic","2026-09-23","2016-07-13","3:50","https://i.ytimg.com/vi/3qMGa4G2gwo/hqdefault.jpg"
"heYkg7MYov8","Cocomelo","Marsel - Topic","2026-09-23","2025-11-12","3:00","https://i.ytimg.com/vi/heYkg7MYov8/hqdefault.jpg"
"uMnMtYIJob4","Mafia","Ermenita - Topic","2026-09-23","2026-01-09","2:49","https://i.ytimg.com/vi/uMnMtYIJob4/hqdefault.jpg"
"_SAu_h7cqJE","Друг те мами","TEREZA - Topic","2026-09-23","2024-11-28","3:35","https://i.ytimg.com/vi/_SAu_h7cqJE/hqdefault.jpg"
"z0oyXYJHYQI","Pumpin","Lucky Man Project - Topic","2026-09-23","2017-01-25","3:46","https://i.ytimg.com/vi/z0oyXYJHYQI/hqdefault.jpg"
"1jqBENb40WM","Vodka s uteha","Preslava - Topic","2026-09-23","2026-04-17","4:06","https://i.ytimg.com/vi/1jqBENb40WM/hqdefault.jpg"
"kPS9-Fj05FM","You Love Me Anyway","Sidewalk Prophets - Topic","2026-09-23","2018-03-02","4:21","https://i.ytimg.com/vi/kPS9-Fj05FM/hqdefault.jpg"
"Tmm6bg72qZU","Shotgun","Cold Emi - Topic","2026-09-23","2026-04-24","1:25","https://i.ytimg.com/vi/Tmm6bg72qZU/hqdefault.jpg"
"Zb45D5tNEGQ","ZHPT","Cold Emi - Topic","2026-09-23","2026-04-24","3:11","https://i.ytimg.com/vi/Zb45D5tNEGQ/hqdefault.jpg"
"GyISd69Kk8M","Babes","Cold Emi - Topic","2026-09-23","2022-07-28","3:14","https://i.ytimg.com/vi/GyISd69Kk8M/hqdefault.jpg"
"4LyJC6pAUOo","Leite Kaka","Cold Emi - Topic","2026-09-23","2026-04-24","3:27","https://i.ytimg.com/vi/4LyJC6pAUOo/hqdefault.jpg"
"iC20TdafIRM","Familia","Cold Emi - Topic","2026-09-23","2026-04-24","3:08","https://i.ytimg.com/vi/iC20TdafIRM/hqdefault.jpg"
"IXEEsRBZkBk","Calibra","Cold Emi - Topic","2026-09-23","2026-04-24","3:39","https://i.ytimg.com/vi/IXEEsRBZkBk/hqdefault.jpg"
"ztGYVd8Wpas","Kamikaz/Kush Ka Thon","Cold Emi - Topic","2026-09-23","2026-04-24","3:24","https://i.ytimg.com/vi/ztGYVd8Wpas/hqdefault.jpg"
"Ne1x9gtB014","Shqip Hop","Cold Emi - Topic","2026-09-23","2026-04-24","3:34","https://i.ytimg.com/vi/Ne1x9gtB014/hqdefault.jpg"
"FXh6XkWK5oQ","Drilla","Cold Emi - Topic","2026-09-23","2026-04-24","2:06","https://i.ytimg.com/vi/FXh6XkWK5oQ/hqdefault.jpg"
"lYqSJZMKkwk","Champion","Cold Emi - Topic","2026-09-23","2026-04-24","2:24","https://i.ytimg.com/vi/lYqSJZMKkwk/hqdefault.jpg"
"3SfZ9jzcr1I","Hoodking","Cold Emi - Topic","2026-09-23","2026-04-24","2:38","https://i.ytimg.com/vi/3SfZ9jzcr1I/hqdefault.jpg"
"ZglvndVEdwc","Shqipe","Cold Emi - Topic","2026-09-23","2026-04-24","2:23","https://i.ytimg.com/vi/ZglvndVEdwc/hqdefault.jpg"
"WdMMJA8Pb-k","ALBANIAN BLOOD","Cold Emi - Topic","2026-09-23","2026-04-26","3:05","https://i.ytimg.com/vi/WdMMJA8Pb-k/hqdefault.jpg"
"Z66iX4-5Gu4","Proud To Be Albanian (feat. John Alite)","Cold Emi - Topic","2026-09-23","2026-04-24","2:54","https://i.ytimg.com/vi/Z66iX4-5Gu4/hqdefault.jpg"
"VSuzJ66qgiQ","Gabim i Bukur","Adelina Berisha - Topic","2026-09-23","2024-07-30","2:48","https://i.ytimg.com/vi/VSuzJ66qgiQ/hqdefault.jpg"
"-a0-0euOaMU","Do Pi (feat. Naldi)","Luiz Ejlli - Topic","2026-09-23","2024-07-20","3:08","https://i.ytimg.com/vi/-a0-0euOaMU/hqdefault.jpg"
"15du0Q1iC9A","Gazi n'Fund","Finem - Topic","2026-09-23","2024-08-27","2:56","https://i.ytimg.com/vi/15du0Q1iC9A/hqdefault.jpg"
"8EUPEGrTsZY","Zavinagi tvoya","Preslava - Topic","2026-09-23","2026-04-16","4:12","https://i.ytimg.com/vi/8EUPEGrTsZY/hqdefault.jpg"
"XEb4gtmL2xw","Ne te zabravyam","Preslava - Topic","2026-09-23","2026-04-17","3:07","https://i.ytimg.com/vi/XEb4gtmL2xw/hqdefault.jpg"
"rgeR7kTW6tQ","Mangava Tut","Preslava - Topic","2026-09-23","2026-05-04","4:24","https://i.ytimg.com/vi/rgeR7kTW6tQ/hqdefault.jpg"
"tg6E3cn6yIA","OPA OPA","Dessita - Topic","2026-09-23","2025-07-22","3:25","https://i.ytimg.com/vi/tg6E3cn6yIA/hqdefault.jpg"
"rjVaTSwSvEk","Vin Jay - On Our Way (Feat. Jay Cloud)","Vin Jay","2026-09-23","2020-02-23","3:03","https://i.ytimg.com/vi/rjVaTSwSvEk/hqdefault.jpg"
"KQ2jIgPITuE","Let It Snow, Let It Snow, Let It Snow","Jessica Simpson - Topic","2026-09-23","2017-02-09","2:01","https://i.ytimg.com/vi/KQ2jIgPITuE/hqdefault.jpg"
"Euewi_qZ4dY","I Wanna Love You Forever","Jessica Simpson - Topic","2026-09-23","2017-01-26","4:24","https://i.ytimg.com/vi/Euewi_qZ4dY/hqdefault.jpg"
"iYCuwDx_xCE","Leja","Eglant Brah - Topic","2026-09-23","2026-01-08","2:53","https://i.ytimg.com/vi/iYCuwDx_xCE/hqdefault.jpg"
"nzQDQcELNuU","Where Do You Go","No Mercy - Topic","2026-09-23","2015-08-12","4:33","https://i.ytimg.com/vi/nzQDQcELNuU/hqdefault.jpg"
"a5HS7oQkiXU","BAND4BAND","Central Cee - Topic","2026-09-23","2025-01-23","2:21","https://i.ytimg.com/vi/a5HS7oQkiXU/hqdefault.jpg"
"Em7i4mJD858","22:22","Galena - Topic","2026-09-23","2025-05-09","3:36","https://i.ytimg.com/vi/Em7i4mJD858/hqdefault.jpg"
"uPo_oYzE6h8","Tha Se Agapao Aionia","Giannis Vardis - Topic","2026-09-23","2020-09-16","4:00","https://i.ytimg.com/vi/uPo_oYzE6h8/hqdefault.jpg"
"_qOPjlPqgls","esena mono ﻿ - kaiti garbi","ramett","2026-09-23","2009-04-30","4:05","https://i.ytimg.com/vi/_qOPjlPqgls/hqdefault.jpg"
"9ZYUgRknwwI","I Njejti Ke Mbet","Arta Bajrami - Topic","2026-09-23","2023-08-12","4:40","https://i.ytimg.com/vi/9ZYUgRknwwI/hqdefault.jpg"
"yCYgH-tDFWA","Asnje Milimeter","Arta Bajrami - Topic","2026-09-23","2023-08-12","4:56","https://i.ytimg.com/vi/yCYgH-tDFWA/hqdefault.jpg"
"uWVHSO52tsk","Oceans (Spirit Lead Me)","Liv Harland - Topic","2026-09-23","2023-08-22","4:00","https://i.ytimg.com/vi/uWVHSO52tsk/hqdefault.jpg"
"-BJhtfupebM","Take My Hand Dance","Andrea George - Topic","2026-09-23","2025-07-09","2:55","https://i.ytimg.com/vi/-BJhtfupebM/hqdefault.jpg"
"Qn8OH08gTvY","Blurry","Noelle Johnson - Topic","2026-09-23","2023-03-30","3:28","https://i.ytimg.com/vi/Qn8OH08gTvY/hqdefault.jpg"
"9iWI6L4ha8E","When I Fall","Katy Nichole - Topic","2026-09-23","2024-11-21","3:26","https://i.ytimg.com/vi/9iWI6L4ha8E/hqdefault.jpg"
"dHtt6AeFPuw","I Found Jesus","Katy Nichole - Topic","2026-09-23","2025-08-14","3:21","https://i.ytimg.com/vi/dHtt6AeFPuw/hqdefault.jpg"
"mq7kjWgNjdI","In Jesus Name (God Of Possible)","Katy Nichole - Topic","2026-09-23","2022-02-24","3:43","https://i.ytimg.com/vi/mq7kjWgNjdI/hqdefault.jpg"
"I0bghHzvI7k","Rhythm Is a Dancer 2k25","Steve Tosi - Topic","2026-09-23","2025-06-12","5:08","https://i.ytimg.com/vi/I0bghHzvI7k/hqdefault.jpg"
"2G74GZ2Hles","Set the Organ Bass (Original Mix)","Danielle Trebone - Topic","2026-09-23","2023-07-27","4:39","https://i.ytimg.com/vi/2G74GZ2Hles/hqdefault.jpg"
"WEmTgiyJ_uA","Makes Me Love U","Block & Crown - Topic","2026-09-23","2025-09-11","4:08","https://i.ytimg.com/vi/WEmTgiyJ_uA/hqdefault.jpg"
"o3iU6KTTvWI","Amazing","INNA - Topic","2026-09-23","2025-09-19","3:30","https://i.ytimg.com/vi/o3iU6KTTvWI/hqdefault.jpg"
"q3MkrF5fPew","No Scrubs","TLC - Topic","2026-09-23","2017-01-26","3:35","https://i.ytimg.com/vi/q3MkrF5fPew/hqdefault.jpg"
"D4ifmP35iEE","MASHONDA - Love Changes (Remix)","Toka KKK","2026-09-23","2021-10-29","4:02","https://i.ytimg.com/vi/D4ifmP35iEE/hqdefault.jpg"
"yUZeZNxiD-M","Get Low","Lil Jon & The East Side Boyz - Topic","2026-09-23","2015-04-09","5:35","https://i.ytimg.com/vi/yUZeZNxiD-M/hqdefault.jpg"
"SYsq10hHIbI","Akoma Të Du","Bertan Asllani - Topic","2026-09-23","2025-01-19","3:28","https://i.ytimg.com/vi/SYsq10hHIbI/hqdefault.jpg"
"Ew34ecE7p80","Xherdanin E Dashurise","Remzie Osmani - Topic","2026-09-23","2020-06-04","3:30","https://i.ytimg.com/vi/Ew34ecE7p80/hqdefault.jpg"
"tHZxwu1XsxU","Veren Tjeter","Arber Musa - Topic","2026-09-23","2025-08-16","3:12","https://i.ytimg.com/vi/tHZxwu1XsxU/hqdefault.jpg"
"XMnAv7Ryyx4","Huligan","Djena - Topic","2026-09-23","2026-03-30","3:12","https://i.ytimg.com/vi/XMnAv7Ryyx4/hqdefault.jpg"
"gTxq_7p0GCY","Ako beshe druga","Djena - Topic","2026-09-23","2026-04-02","4:04","https://i.ytimg.com/vi/gTxq_7p0GCY/hqdefault.jpg"
"-OGVurbdVk8","Tuk zhena mu pazi","Djena - Topic","2026-09-23","2026-04-03","4:07","https://i.ytimg.com/vi/-OGVurbdVk8/hqdefault.jpg"
"DF72ouaselk","Yako mi e","Djena - Topic","2026-09-23","2026-03-30","3:10","https://i.ytimg.com/vi/DF72ouaselk/hqdefault.jpg"
"_WK0HuYY23M","Kak boli","Djena - Topic","2026-09-23","2026-04-14","3:09","https://i.ytimg.com/vi/_WK0HuYY23M/hqdefault.jpg"
"y_YrChbOE0k","Празнуваш","Desi Slava - Topic","2026-09-23","2025-07-04","3:23","https://i.ytimg.com/vi/y_YrChbOE0k/hqdefault.jpg"
"S48cizGQiQY","Harrom","Ermenita - Topic","2026-09-23","2026-01-09","2:56","https://i.ytimg.com/vi/S48cizGQiQY/hqdefault.jpg"
"DYRje_cPkYs","How Could an Angel Break My Heart","Kenny G - Topic","2026-09-23","2015-09-23","4:20","https://i.ytimg.com/vi/DYRje_cPkYs/hqdefault.jpg"
"le1QF3uoQNg","Theme From New York, New York (2008 Remastered)","Frank Sinatra - Topic","2026-09-23","2018-12-12","3:25","https://i.ytimg.com/vi/le1QF3uoQNg/hqdefault.jpg"
"afDsS-Eaa4M","Gone Before You Met Me","Alan Jackson - Topic","2026-09-23","2018-07-24","3:26","https://i.ytimg.com/vi/afDsS-Eaa4M/hqdefault.jpg"
"9zYcQBkxeXM","Wrapped","George Strait - Topic","2026-09-23","2018-07-30","4:08","https://i.ytimg.com/vi/9zYcQBkxeXM/hqdefault.jpg"
"X0zPHR41dwI","All American Country Boy","Alan Jackson - Topic","2026-09-23","2017-07-26","3:20","https://i.ytimg.com/vi/X0zPHR41dwI/hqdefault.jpg"
"j0GCi9UZBLg","USA Today","Alan Jackson - Topic","2026-09-23","2015-08-10","3:25","https://i.ytimg.com/vi/j0GCi9UZBLg/hqdefault.jpg"
"ebn1ugRRnMY","Till The End (with Lee Ann Womack)","Alan Jackson - Topic","2026-09-23","2014-11-08","3:03","https://i.ytimg.com/vi/ebn1ugRRnMY/hqdefault.jpg"
"F2iBa8SyI9k","The Talkin' Song Repair Blues","Alan Jackson - Topic","2026-09-23","2015-08-12","3:01","https://i.ytimg.com/vi/F2iBa8SyI9k/hqdefault.jpg"
"MeitSLi4EPg","A Love Like That","Alan Jackson - Topic","2026-09-23","2015-09-23","3:29","https://i.ytimg.com/vi/MeitSLi4EPg/hqdefault.jpg"
"4gFsgYPqEJw","This Heart Of Mine","Alan Jackson - Topic","2026-09-23","2021-05-13","3:19","https://i.ytimg.com/vi/4gFsgYPqEJw/hqdefault.jpg"
"paJTyuwWsKE","There Ya Go","Alan Jackson - Topic","2026-09-23","2015-08-10","3:15","https://i.ytimg.com/vi/paJTyuwWsKE/hqdefault.jpg"
"E6gsRJhGtMY","If You Want To Make Me Happy","Alan Jackson - Topic","2026-09-23","2017-01-25","4:21","https://i.ytimg.com/vi/E6gsRJhGtMY/hqdefault.jpg"
"-WsvV9nCHac","That'd Be Alright","Alan Jackson - Topic","2026-09-23","2015-08-11","3:42","https://i.ytimg.com/vi/-WsvV9nCHac/hqdefault.jpg"
"6Q7abgMZ8sQ","Once You've Had The Best","Alan Jackson - Topic","2026-09-23","2014-11-08","4:15","https://i.ytimg.com/vi/6Q7abgMZ8sQ/hqdefault.jpg"
"rzgprGVmKss","Listen To Your Senses","Alan Jackson - Topic","2026-09-23","2017-01-25","3:10","https://i.ytimg.com/vi/rzgprGVmKss/hqdefault.jpg"
"Lkax7Ly3mvA","Cotton Eye Joe","Chris Else - Topic","2026-09-23","2021-11-21","3:05","https://i.ytimg.com/vi/Lkax7Ly3mvA/hqdefault.jpg"
"GsHFTWURi-o","Me and Bobby McGee","Chris Else - Topic","2026-09-23","2021-11-21","4:11","https://i.ytimg.com/vi/GsHFTWURi-o/hqdefault.jpg"
"zqbM_k0VnVQ","Take It Easy","Chris Else - Topic","2026-09-23","2021-11-21","3:39","https://i.ytimg.com/vi/zqbM_k0VnVQ/hqdefault.jpg"
"reQK-twBbKA","Forever and ever Amen","Chris Else - Topic","2026-09-23","2021-11-21","3:37","https://i.ytimg.com/vi/reQK-twBbKA/hqdefault.jpg"
"XhTGN2BwUIQ","Nearer My God to Thee","Chris Else - Topic","2026-09-23","2021-11-21","4:11","https://i.ytimg.com/vi/XhTGN2BwUIQ/hqdefault.jpg"
"3vBric4c59k","Loving Arms","Chris Else - Topic","2026-09-23","2021-11-21","3:32","https://i.ytimg.com/vi/3vBric4c59k/hqdefault.jpg"
"ElqJW1ooH58","Because He Lives","Chris Else - Topic","2026-09-23","2023-12-14","4:14","https://i.ytimg.com/vi/ElqJW1ooH58/hqdefault.jpg"
"nVIW9iS1CnM","Ten Thousand Reasons (Bless the Lord)","Chris Else - Topic","2026-09-23","2021-11-21","3:58","https://i.ytimg.com/vi/nVIW9iS1CnM/hqdefault.jpg"
"Sm-BMYTlmY8","What a Friend We Have In Jesus","Chris Else - Topic","2026-09-23","2021-11-21","2:22","https://i.ytimg.com/vi/Sm-BMYTlmY8/hqdefault.jpg"
"qtAKD5wPmT8","The Older I Get","Chris Else - Topic","2026-09-23","2021-11-21","3:50","https://i.ytimg.com/vi/qtAKD5wPmT8/hqdefault.jpg"
"FdEcfCaSyj8","Yes, I Know","Chris Else - Topic","2026-09-23","2025-05-22","3:44","https://i.ytimg.com/vi/FdEcfCaSyj8/hqdefault.jpg"
"fckXm7Fsevc","Livin' on love","Chris Else - Topic","2026-09-23","2021-11-21","3:51","https://i.ytimg.com/vi/fckXm7Fsevc/hqdefault.jpg"
"ebfpAD5mvWU","The Power Of The Dream","Céline Dion - Topic","2026-09-23","2017-04-02","4:31","https://i.ytimg.com/vi/ebfpAD5mvWU/hqdefault.jpg"
"_fwpsxeRZpo","Guardian Angel","Andrea George - Topic","2026-09-23","2025-07-30","3:38","https://i.ytimg.com/vi/_fwpsxeRZpo/hqdefault.jpg"
"rri790yZ84s","I Love You","Céline Dion - Topic","2026-09-23","2019-07-17","5:31","https://i.ytimg.com/vi/rri790yZ84s/hqdefault.jpg"
"HfVbyKRD5pg","When You Say Nothing at All","Keith Whitley - Topic","2026-09-23","2014-11-08","3:44","https://i.ytimg.com/vi/HfVbyKRD5pg/hqdefault.jpg"
"gi6XwsR2hIY","Forever and Ever, Amen","Randy Travis - Topic","2026-09-23","2014-11-09","3:33","https://i.ytimg.com/vi/gi6XwsR2hIY/hqdefault.jpg"
"Uct7jFNryAU","Don’t Lose Sleep Over Me","Lee Vyborny - Topic","2026-09-23","2025-08-28","4:02","https://i.ytimg.com/vi/Uct7jFNryAU/hqdefault.jpg"
"gUOOlX5AzzE","Thank You Lord (For Your Blessings on Me)","Chris Else - Topic","2026-09-23","2021-11-21","3:35","https://i.ytimg.com/vi/gUOOlX5AzzE/hqdefault.jpg"
"ItRtNZuMznA","Tropical Depression","Alan Jackson - Topic","2026-09-23","2017-02-18","2:58","https://i.ytimg.com/vi/ItRtNZuMznA/hqdefault.jpg"
"Qoe_mOGHyT8","I Don't Need Your Rockin' Chair","George Jones - Topic","2026-09-23","2018-07-31","3:30","https://i.ytimg.com/vi/Qoe_mOGHyT8/hqdefault.jpg"
"l-751BfUFrE","Made Of Gold","Derek Ryan - Topic","2026-09-23","2019-11-26","3:15","https://i.ytimg.com/vi/l-751BfUFrE/hqdefault.jpg"
"y9sWJkYXEI4","Old Country","Mark Chesnutt - Topic","2026-09-23","2018-07-31","3:54","https://i.ytimg.com/vi/y9sWJkYXEI4/hqdefault.jpg"
"K7UloVeCxTs","Grandpa (Tell Me 'Bout The Good Old Days)","The Judds - Topic","2026-09-23","2018-03-02","4:15","https://i.ytimg.com/vi/K7UloVeCxTs/hqdefault.jpg"
"dg0FaqwTC1c","Good Time","Alan Jackson - Topic","2026-09-23","2023-04-13","5:07","https://i.ytimg.com/vi/dg0FaqwTC1c/hqdefault.jpg"
"qVa8YAAG6u8","Mama He's Crazy","The Judds - Topic","2026-09-23","2018-03-02","3:15","https://i.ytimg.com/vi/qVa8YAAG6u8/hqdefault.jpg"
"Ucmo6hDZRSY","Self Control","Laura Branigan - Topic","2026-09-23","2017-01-14","4:07","https://i.ytimg.com/vi/Ucmo6hDZRSY/hqdefault.jpg"
"DvG6-KXYF64","You Are The Reason (Duet Version)","Calum Scott - Topic","2026-09-23","2018-11-29","3:11","https://i.ytimg.com/vi/DvG6-KXYF64/hqdefault.jpg"
"-3TuaAvgMw8","That's the Way It Is","Céline Dion - Topic","2026-09-23","2019-01-21","4:03","https://i.ytimg.com/vi/-3TuaAvgMw8/hqdefault.jpg"
"z4Ta7YQITHI","Through The Rain","Mariah Carey - Topic","2026-09-23","2019-09-09","4:49","https://i.ytimg.com/vi/z4Ta7YQITHI/hqdefault.jpg"
"z8OMOm8-Cbg","Forever (Live at Tokyo Dome)","Mariah Carey - Topic","2026-09-23","2020-10-01","4:47","https://i.ytimg.com/vi/z8OMOm8-Cbg/hqdefault.jpg"
"UIkZZzPNrm8","When I Stop Loving You","Trace Adkins - Topic","2026-09-23","2018-07-28","3:22","https://i.ytimg.com/vi/UIkZZzPNrm8/hqdefault.jpg"
"AlxBpL1rBVY","Che fantastica storia è la vita","Antonello Venditti - Topic","2026-09-23","2015-08-12","5:58","https://i.ytimg.com/vi/AlxBpL1rBVY/hqdefault.jpg"
"yphHMO2Cedw","Ciao ciao Siciliano","Tony Tabbi - Topic","2026-09-23","2014-11-08","3:21","https://i.ytimg.com/vi/yphHMO2Cedw/hqdefault.jpg"
"BxU91sedows","Your Man","Josh Turner - Topic","2026-09-23","2018-09-15","3:32","https://i.ytimg.com/vi/BxU91sedows/hqdefault.jpg"
"bFYpOm9YELg","Warning","BM - Topic","2026-09-23","2022-05-19","3:10","https://i.ytimg.com/vi/bFYpOm9YELg/hqdefault.jpg"
"iw07H8JfaHM","Ring Ring","BM - Topic","2026-09-23","2024-07-23","2:31","https://i.ytimg.com/vi/iw07H8JfaHM/hqdefault.jpg"
"30x17TkccCw","BM - London View","OTP - Topic","2026-09-23","2026-07-02","2:45","https://i.ytimg.com/vi/30x17TkccCw/hqdefault.jpg"
"vqKpsBbj1VY","Where Do Broken Hearts Go","Whitney Houston - Topic","2026-09-23","2015-08-12","4:36","https://i.ytimg.com/vi/vqKpsBbj1VY/hqdefault.jpg"
"m4QZL7whs10","I Will Always Love You","Whitney Houston - Topic","2026-09-23","2017-02-20","4:24","https://i.ytimg.com/vi/m4QZL7whs10/hqdefault.jpg"
"QBtVFL0Qefs","Oops!...I Did It Again","Britney Spears - Topic","2026-09-23","2025-05-15","3:33","https://i.ytimg.com/vi/QBtVFL0Qefs/hqdefault.jpg"
"0oXr-UMnNPA","Man! I Feel Like A Woman!","Shania Twain - Topic","2026-09-23","2019-08-19","3:53","https://i.ytimg.com/vi/0oXr-UMnNPA/hqdefault.jpg"
"8Pgd-wOe6lM","Pazzo di Lei","Biagio Antonacci - Topic","2026-09-23","2018-12-20","4:16","https://i.ytimg.com/vi/8Pgd-wOe6lM/hqdefault.jpg"
"PSXkmJfmEn0","So Hollow","Let Babylon Burn - Topic","2026-09-23","2025-07-29","6:13","https://i.ytimg.com/vi/PSXkmJfmEn0/hqdefault.jpg"
"yOnyp5TKtCQ","Questa canzone ti troverà… quando sarà il momento giusto. Ascoltala.","Daily Love Italia","2026-09-23","2025-04-04","3:29","https://i.ytimg.com/vi/yOnyp5TKtCQ/hqdefault.jpg"
"Cpol7Htfqfo","Una storia importante","Eros Ramazzotti - Topic","2026-09-23","2017-01-26","4:07","https://i.ytimg.com/vi/Cpol7Htfqfo/hqdefault.jpg"
"-inLirfM1Vw","Don't Phunk With My Heart","The Black Eyed Peas - Topic","2026-09-23","2024-07-29","4:04","https://i.ytimg.com/vi/-inLirfM1Vw/hqdefault.jpg"
"ZAo6Af-uJ-A","Shut Up","The Black Eyed Peas - Topic","2026-09-23","2018-09-15","5:11","https://i.ytimg.com/vi/ZAo6Af-uJ-A/hqdefault.jpg"
"DjR25AI7BGU","Boom Boom Pow","The Black Eyed Peas - Topic","2026-09-23","2021-12-15","4:12","https://i.ytimg.com/vi/DjR25AI7BGU/hqdefault.jpg"
"d77gTBvX0K8","Pump It","The Black Eyed Peas - Topic","2026-09-23","2018-07-31","3:34","https://i.ytimg.com/vi/d77gTBvX0K8/hqdefault.jpg"
"n02efead1C4","Meet Me Halfway","The Black Eyed Peas - Topic","2026-09-23","2021-12-15","4:45","https://i.ytimg.com/vi/n02efead1C4/hqdefault.jpg"
"RuPr33Jk2A4","Where Is The Love?","The Black Eyed Peas - Topic","2026-09-23","2022-03-31","4:33","https://i.ytimg.com/vi/RuPr33Jk2A4/hqdefault.jpg"
"zVmwxSWhBf0","Get Low (Radio Edit)","Lil Jon & The East Side Boyz - Topic","2026-09-23","2025-03-13","4:34","https://i.ytimg.com/vi/zVmwxSWhBf0/hqdefault.jpg"
"1zRzfBWg7nM","Bye Bye","Mariah Carey - Topic","2026-09-23","2021-02-04","4:27","https://i.ytimg.com/vi/1zRzfBWg7nM/hqdefault.jpg"
"je4X0N86sMc","Love by Grace","Lara Fabian - Topic","2026-09-23","2017-01-25","4:08","https://i.ytimg.com/vi/je4X0N86sMc/hqdefault.jpg"
"YQoQsbbOsfM","So Beautiful","Chris de Burgh - Topic","2026-09-23","2018-07-05","3:50","https://i.ytimg.com/vi/YQoQsbbOsfM/hqdefault.jpg"
"ut-p7oK5n0I","Unfaithful","Rihanna - Topic","2026-09-23","2018-07-23","3:47","https://i.ytimg.com/vi/ut-p7oK5n0I/hqdefault.jpg"
"v8H-MXjRB2Y","Without You","Mariah Carey - Topic","2026-09-23","2023-09-07","3:36","https://i.ytimg.com/vi/v8H-MXjRB2Y/hqdefault.jpg"
"czFLKT8MBqI","Spanish Guitar","Toni Braxton - Topic","2026-09-23","2015-08-12","4:49","https://i.ytimg.com/vi/czFLKT8MBqI/hqdefault.jpg"
"57xKhbxK_rY","Plas","Ermenita - Topic","2026-09-23","2026-01-09","2:52","https://i.ytimg.com/vi/57xKhbxK_rY/hqdefault.jpg"
"BV8qgy_3Wmk","Faj","Ermenita - Topic","2026-09-23","2026-01-09","3:05","https://i.ytimg.com/vi/BV8qgy_3Wmk/hqdefault.jpg"
"NhPd-kLoAb4","A m'beson","Ermenita - Topic","2026-09-23","2026-01-09","3:17","https://i.ytimg.com/vi/NhPd-kLoAb4/hqdefault.jpg"
"V49DkAnotxo","L'essenziale (Live)","Marco Mengoni - Topic","2026-09-23","2014-11-09","3:52","https://i.ytimg.com/vi/V49DkAnotxo/hqdefault.jpg"
"ThQz7ZRuDG0","Su di noi (Re-Recorded)","Pupo - Topic","2026-09-23","2025-05-19","3:49","https://i.ytimg.com/vi/ThQz7ZRuDG0/hqdefault.jpg"
"Tr6Xo2GdoBM","Sappi Amore Mio","Biagio Antonacci - Topic","2026-09-23","2018-12-20","3:47","https://i.ytimg.com/vi/Tr6Xo2GdoBM/hqdefault.jpg"
"ghUfxc2O5sM","Amore Disperato","Achille Lauro - Topic","2026-09-23","2024-09-19","3:09","https://i.ytimg.com/vi/ghUfxc2O5sM/hqdefault.jpg"
"iwWfPX4DlwQ","Il Prato Delle Anime (Acoustic / Remastered 2018)","Biagio Antonacci - Topic","2026-09-23","2018-10-11","3:38","https://i.ytimg.com/vi/iwWfPX4DlwQ/hqdefault.jpg"
"6bZ2bxcZCdU","Adesso Dormi (Remastered 2018)","Biagio Antonacci - Topic","2026-09-23","2018-10-11","4:35","https://i.ytimg.com/vi/6bZ2bxcZCdU/hqdefault.jpg"
"2sAWDP2oKz8","Iris (Tra Le Tue Poesie) (Remastered 2018)","Biagio Antonacci - Topic","2026-09-23","2018-10-11","3:59","https://i.ytimg.com/vi/2sAWDP2oKz8/hqdefault.jpg"
"V9FL3oD9dSA","Cosa Fai Ragazza (Remastered 2018)","Biagio Antonacci - Topic","2026-09-23","2018-10-11","4:05","https://i.ytimg.com/vi/V9FL3oD9dSA/hqdefault.jpg"
"Cr0kfpuaKyI","Non Vendermi (Remastered 2018)","Biagio Antonacci - Topic","2026-09-23","2018-10-11","4:14","https://i.ytimg.com/vi/Cr0kfpuaKyI/hqdefault.jpg"
"OO6rx2YTAyk","All By Myself","Céline Dion - Topic","2026-09-23","2019-07-17","5:13","https://i.ytimg.com/vi/OO6rx2YTAyk/hqdefault.jpg"
"mfHQNm3mct8","When I Need You","Céline Dion - Topic","2026-09-23","2019-09-26","4:12","https://i.ytimg.com/vi/mfHQNm3mct8/hqdefault.jpg"
"Fvdq-in19Jk","Kyoto (feat. Sirah)","Skrillex - Topic","2026-09-23","2017-04-08","3:21","https://i.ytimg.com/vi/Fvdq-in19Jk/hqdefault.jpg"
"YcJaYkamg5Y","First of the Year (Equinox)","Skrillex - Topic","2026-09-23","2017-03-30","4:22","https://i.ytimg.com/vi/YcJaYkamg5Y/hqdefault.jpg"
"V7hbIzqxhaE","Bangarang (feat. Sirah)","Skrillex - Topic","2026-09-23","2017-04-08","3:36","https://i.ytimg.com/vi/V7hbIzqxhaE/hqdefault.jpg"
"vY6B8uj1plY","Make It Bun Dem","Skrillex - Topic","2026-09-23","2015-10-24","3:34","https://i.ytimg.com/vi/vY6B8uj1plY/hqdefault.jpg"
"89DcAh2Mlyk","Bleeding Love (Radio Edit)","Leona Lewis - Topic","2026-09-23","2017-02-18","4:00","https://i.ytimg.com/vi/89DcAh2Mlyk/hqdefault.jpg"
"A8fCBZcaEiU","Because You Loved Me (Theme from ""Up Close and Personal"")","Céline Dion - Topic","2026-09-23","2019-01-18","4:34","https://i.ytimg.com/vi/A8fCBZcaEiU/hqdefault.jpg"
"rLYWzeKRv08","Harama","FaTTi - Topic","2026-09-23","2024-05-19","2:43","https://i.ytimg.com/vi/rLYWzeKRv08/hqdefault.jpg"
"-5dZgatWtSg","Youngstar","Silva - Topic","2026-09-23","2022-12-15","1:58","https://i.ytimg.com/vi/-5dZgatWtSg/hqdefault.jpg"
"WVoAhk5e8Vs","Rock N Roll","ENZINO - Topic","2026-09-23","2022-10-29","3:20","https://i.ytimg.com/vi/WVoAhk5e8Vs/hqdefault.jpg"
"OkiAt8IyAQQ","Ben Arfa","S9 - Topic","2026-09-23","2024-02-29","3:04","https://i.ytimg.com/vi/OkiAt8IyAQQ/hqdefault.jpg"
"DPw_Kk0PLu0","🇦🇱 S9 - Shqipet London (Official Music Video) #AlbanianDrill","S9 Official","2026-09-23","2023-04-22","2:56","https://i.ytimg.com/vi/DPw_Kk0PLu0/hqdefault.jpg"
"9fe6RX4Lwbg","Right Here (Departed)","Brandy - Topic","2026-09-23","2015-08-12","3:40","https://i.ytimg.com/vi/9fe6RX4Lwbg/hqdefault.jpg"
"vQuD4lCDDXc","Impossible","Shontelle - Topic","2026-09-23","2022-01-13","3:47","https://i.ytimg.com/vi/vQuD4lCDDXc/hqdefault.jpg"
"sClx2bdST1E","Gli amori","Toto Cutugno - Topic","2026-09-23","2015-10-06","4:12","https://i.ytimg.com/vi/sClx2bdST1E/hqdefault.jpg"
"mn4YLhv09Kw","Solo noi","Toto Cutugno - Topic","2026-09-23","2015-07-11","4:08","https://i.ytimg.com/vi/mn4YLhv09Kw/hqdefault.jpg"
"Nw8LyN21OO8","Irreplaceable","Beyoncé - Topic","2026-09-23","2017-11-28","3:48","https://i.ytimg.com/vi/Nw8LyN21OO8/hqdefault.jpg"
"_CxLnK4zaw4","Chasin' That Neon Rainbow","Alan Jackson - Topic","2026-09-23","2017-02-18","3:06","https://i.ytimg.com/vi/_CxLnK4zaw4/hqdefault.jpg"
"ppn6YcWY_1k","Good Time","Alan Jackson - Topic","2026-09-23","2014-11-08","5:07","https://i.ytimg.com/vi/ppn6YcWY_1k/hqdefault.jpg"
"grEmS8xgZA0","Margaritaville","Alan Jackson - Topic","2026-09-23","2017-11-28","4:16","https://i.ytimg.com/vi/grEmS8xgZA0/hqdefault.jpg"
"4lNa4BKL6z0","When You Told Me You Loved Me","Jessica Simpson - Topic","2026-09-23","2017-02-09","3:49","https://i.ytimg.com/vi/4lNa4BKL6z0/hqdefault.jpg"
"pPgvMJ1ou3o","Nothing's Gonna Change My Love For You","Glenn Medeiros - Topic","2026-09-23","2022-09-22","3:52","https://i.ytimg.com/vi/pPgvMJ1ou3o/hqdefault.jpg"
"CbuLnJqUFLQ","Sometimes","Britney Spears - Topic","2026-09-23","2015-08-12","4:06","https://i.ytimg.com/vi/CbuLnJqUFLQ/hqdefault.jpg"
"pY6Rlu0SZRc","Take A Bow","Rihanna - Topic","2026-09-23","2018-07-23","3:50","https://i.ytimg.com/vi/pY6Rlu0SZRc/hqdefault.jpg"
"2wDpc1ruMbw","Listen (From the Motion Picture ""Dreamgirls"")","Beyoncé - Topic","2026-09-23","2017-02-18","3:40","https://i.ytimg.com/vi/2wDpc1ruMbw/hqdefault.jpg"
"m78NvLXFiLA","From Sarah With Love","Sarah Connor - Topic","2026-09-23","2021-12-14","5:07","https://i.ytimg.com/vi/m78NvLXFiLA/hqdefault.jpg"
"mT5UqD9n2vY","Through the Rain","Rachelle Ann Go - Topic","2026-09-23","2022-01-13","4:41","https://i.ytimg.com/vi/mT5UqD9n2vY/hqdefault.jpg"
"oIZJWUMSPp0","Because You Loved Me (Glee Cast Version)","Glee Cast - Topic","2026-09-23","2017-02-11","4:37","https://i.ytimg.com/vi/oIZJWUMSPp0/hqdefault.jpg"
"02dMNQxwy48","You Are Not Alone","Michael Jackson - Topic","2026-09-23","2017-02-11","5:46","https://i.ytimg.com/vi/02dMNQxwy48/hqdefault.jpg"
"91Niv2q4gvc","...Baby One More Time","Britney Spears - Topic","2026-09-23","2017-01-25","3:32","https://i.ytimg.com/vi/91Niv2q4gvc/hqdefault.jpg"
"btPzbyLyqUk","La voglia che non vorrei","Nek - Topic","2026-09-23","2015-10-06","3:48","https://i.ytimg.com/vi/btPzbyLyqUk/hqdefault.jpg"
"jrGdq1b5QKY","Si se que te tengo a ti","Nek - Topic","2026-09-23","2017-07-23","3:49","https://i.ytimg.com/vi/jrGdq1b5QKY/hqdefault.jpg"
"9aS0EWYruCs","La rondine","Mango - Topic","2026-09-23","2015-02-05","4:26","https://i.ytimg.com/vi/9aS0EWYruCs/hqdefault.jpg"
"xv3CASi3PTw","Lascia che io sia","Nek - Topic","2026-09-23","2016-04-20","3:32","https://i.ytimg.com/vi/xv3CASi3PTw/hqdefault.jpg"
"5ZRIIefIvgU","Yo Caminaré","Sergio Dalma - Topic","2026-09-23","2018-07-30","3:45","https://i.ytimg.com/vi/5ZRIIefIvgU/hqdefault.jpg"
"F6reit3UaFk","Per dimenticare","Zero Assoluto - Topic","2026-09-23","2026-02-17","3:32","https://i.ytimg.com/vi/F6reit3UaFk/hqdefault.jpg"
"FIICEt1-STY","Soli","Adriano Celentano - Topic","2026-09-23","2024-05-10","4:04","https://i.ytimg.com/vi/FIICEt1-STY/hqdefault.jpg"
"8Clgx8Hrs4M","Ad occhi chiusi","Marco Mengoni - Topic","2026-09-23","2015-12-25","4:11","https://i.ytimg.com/vi/8Clgx8Hrs4M/hqdefault.jpg"
"s6ZE9yMpYm0","The Best Keeps Getting Better","Alan Jackson - Topic","2026-09-23","2014-11-08","3:45","https://i.ytimg.com/vi/s6ZE9yMpYm0/hqdefault.jpg"
"3g77yYr6uHw","After 17","Alan Jackson - Topic","2026-09-23","2014-11-08","3:51","https://i.ytimg.com/vi/3g77yYr6uHw/hqdefault.jpg"
"g423ZWjuk14","The Sounds","Alan Jackson - Topic","2026-09-23","2014-11-08","3:24","https://i.ytimg.com/vi/g423ZWjuk14/hqdefault.jpg"
"Jgp1aF5UAfU","Thank God For The Radio","Alan Jackson - Topic","2026-09-23","2014-11-09","3:20","https://i.ytimg.com/vi/Jgp1aF5UAfU/hqdefault.jpg"
"b5pLtRBQ8ZA","You Can't Give Up On Love","Alan Jackson - Topic","2026-09-23","2014-11-08","3:08","https://i.ytimg.com/vi/b5pLtRBQ8ZA/hqdefault.jpg"
"EJItTTqf46U","It's Five O'Clock Somewhere","Alan Jackson - Topic","2026-09-23","2017-02-19","3:51","https://i.ytimg.com/vi/EJItTTqf46U/hqdefault.jpg"
"jQ6qXMA54Pw","Tuesday","Five For Fighting - Topic","2026-09-23","2018-07-26","3:30","https://i.ytimg.com/vi/jQ6qXMA54Pw/hqdefault.jpg"
"QRCovY5S3V4","Sulle nuvole","Tommaso Paradiso - Topic","2026-09-23","2022-03-03","3:53","https://i.ytimg.com/vi/QRCovY5S3V4/hqdefault.jpg"
"7A85RicqYq0","Quanto Tempo E Ancora (Remastered 2018)","Biagio Antonacci - Topic","2026-09-23","2018-10-11","3:58","https://i.ytimg.com/vi/7A85RicqYq0/hqdefault.jpg"
"finK5aRcN7Q","Occhi","Zucchero - Topic","2026-09-23","2018-07-30","3:40","https://i.ytimg.com/vi/finK5aRcN7Q/hqdefault.jpg"
"51QnF0MkloM","Cantare È D'Amore","Amedeo Minghi - Topic","2026-09-23","2025-04-24","4:36","https://i.ytimg.com/vi/51QnF0MkloM/hqdefault.jpg"
"Mz2sCOVOCJY","L'Emozione Non Ha Voce","Adriano Celentano - Topic","2026-09-23","2020-02-27","4:10","https://i.ytimg.com/vi/Mz2sCOVOCJY/hqdefault.jpg"
"sXA5OILKitY","This Is The Life","Amy Macdonald - Topic","2026-09-23","2018-12-12","3:05","https://i.ytimg.com/vi/sXA5OILKitY/hqdefault.jpg"
"y2Ilk2G6nWg","A un Passo da Te","MINACELENTANO - Topic","2026-09-23","2022-01-05","4:33","https://i.ytimg.com/vi/y2Ilk2G6nWg/hqdefault.jpg"
"HH5qJgxqD0s","Il mio giorno preferito","Eros Ramazzotti - Topic","2026-09-23","2025-08-21","3:27","https://i.ytimg.com/vi/HH5qJgxqD0s/hqdefault.jpg"
"EUiVEpGdOag","L'italiano","Toto Cutugno - Topic","2026-09-23","2015-10-06","4:12","https://i.ytimg.com/vi/EUiVEpGdOag/hqdefault.jpg"
"AAFzwt9NolU","Ti amo","Umberto Tozzi - Topic","2026-09-23","2022-03-31","4:20","https://i.ytimg.com/vi/AAFzwt9NolU/hqdefault.jpg"
"j0-R7TazSFc","Gospel Medley","Michelle Williams - Topic","2026-09-23","2015-08-29","3:27","https://i.ytimg.com/vi/j0-R7TazSFc/hqdefault.jpg"
"KzMw3Pp0aqg","Say My Name","Destiny's Child - Topic","2026-09-23","2017-02-20","4:32","https://i.ytimg.com/vi/KzMw3Pp0aqg/hqdefault.jpg"
"byFdFFgTnCc","Family Affair","Mary J. Blige - Topic","2026-09-23","2018-07-23","4:26","https://i.ytimg.com/vi/byFdFFgTnCc/hqdefault.jpg"
"UeWot3ZGNHs","Dilemma","Nelly - Topic","2026-09-23","2018-07-31","4:50","https://i.ytimg.com/vi/UeWot3ZGNHs/hqdefault.jpg"
"M6bLQgKNOTA","Insieme: 1992","Toto Cutugno - Topic","2026-09-23","2015-09-30","4:24","https://i.ytimg.com/vi/M6bLQgKNOTA/hqdefault.jpg"
"WCHJ4DEcCxc","Buonanotte","Toto Cutugno - Topic","2026-09-23","2015-07-11","4:42","https://i.ytimg.com/vi/WCHJ4DEcCxc/hqdefault.jpg"
"cOckMCMt7VY","Innamorati","Toto Cutugno - Topic","2026-09-23","2015-07-11","3:57","https://i.ytimg.com/vi/cOckMCMt7VY/hqdefault.jpg"
"4_zwTZe8V5o","La Solitudine","Ciao Italia ! - Topic","2026-09-23","2015-02-21","3:57","https://i.ytimg.com/vi/4_zwTZe8V5o/hqdefault.jpg"
"9WsK_Je0zCA","When Love Comes Around","Alan Jackson - Topic","2026-09-23","2014-11-08","3:06","https://i.ytimg.com/vi/9WsK_Je0zCA/hqdefault.jpg"
"3Fm41go-Ztc","Blue Ridge Mountain Song","Alan Jackson - Topic","2026-09-23","2018-07-23","5:35","https://i.ytimg.com/vi/3Fm41go-Ztc/hqdefault.jpg"
"xvz7nTbS_C0","Work In Progress","Alan Jackson - Topic","2026-09-23","2014-11-08","4:08","https://i.ytimg.com/vi/xvz7nTbS_C0/hqdefault.jpg"
"gna-zHrnVNA","Tonight I Climbed the Wall","Alan Jackson - Topic","2026-09-23","2017-01-25","3:31","https://i.ytimg.com/vi/gna-zHrnVNA/hqdefault.jpg"
"Z7RhT1GxbiU","I Want To Stroll Over Heaven With You","Alan Jackson - Topic","2026-09-23","2015-04-18","3:07","https://i.ytimg.com/vi/Z7RhT1GxbiU/hqdefault.jpg"
"D9GzXROCQs0","Where Were You  (When the World Stopped Turning)","Alan Jackson - Topic","2026-09-23","2014-11-08","5:06","https://i.ytimg.com/vi/D9GzXROCQs0/hqdefault.jpg"
"1TpQCBXd_3E","Who's Cheatin' Who","Alan Jackson - Topic","2026-09-23","2015-08-11","4:02","https://i.ytimg.com/vi/1TpQCBXd_3E/hqdefault.jpg"
"Y_nKvVydCws","The One","Mariah Carey - Topic","2026-09-23","2019-09-09","4:09","https://i.ytimg.com/vi/Y_nKvVydCws/hqdefault.jpg"
"KacI1ZyFJlY","Hard Fought Hallelujah (with Jelly Roll)","Brandon Lake - Topic","2026-09-23","2025-06-12","5:17","https://i.ytimg.com/vi/KacI1ZyFJlY/hqdefault.jpg"
"9cgokekHIp4","Good Time","Alan Jackson - Topic","2026-09-23","2017-02-19","5:07","https://i.ytimg.com/vi/9cgokekHIp4/hqdefault.jpg"
"-pA7Dssw8n0","It's Five O'Clock Somewhere","Alan Jackson - Topic","2026-09-23","2017-02-11","3:50","https://i.ytimg.com/vi/-pA7Dssw8n0/hqdefault.jpg"
"3Jya13PNlYk","Mi Fido Di Te","Jovanotti - Topic","2026-09-23","2018-08-23","4:32","https://i.ytimg.com/vi/3Jya13PNlYk/hqdefault.jpg"
"J637Rs5Akiw","Back to the Shack (Remastered 2017)","Lee Kernaghan - Topic","2026-09-23","2021-08-31","3:39","https://i.ytimg.com/vi/J637Rs5Akiw/hqdefault.jpg"
"AhTNvfeIndo","The Book","George Strait - Topic","2026-09-23","2024-09-05","3:11","https://i.ytimg.com/vi/AhTNvfeIndo/hqdefault.jpg"
"GK2CfG424ek","Lookin' for a Girl","Max T Barnes - Topic","2026-09-23","2016-03-21","2:55","https://i.ytimg.com/vi/GK2CfG424ek/hqdefault.jpg"
"DM9ybiNOyv8","Felicità","Al Bano - Topic","2026-09-23","2021-01-11","3:52","https://i.ytimg.com/vi/DM9ybiNOyv8/hqdefault.jpg"
"m12xWzEPzYo","Ci sarà","Al Bano - Topic","2026-09-23","2017-07-22","3:27","https://i.ytimg.com/vi/m12xWzEPzYo/hqdefault.jpg"
"HysiOcoozs0","Felicità","Al Bano - Topic","2026-09-23","2017-02-26","3:12","https://i.ytimg.com/vi/HysiOcoozs0/hqdefault.jpg"
"Rq7xw42nMzc","Tomorrow I'll Be Over You","Alex Key - Topic","2026-09-23","2022-08-11","3:21","https://i.ytimg.com/vi/Rq7xw42nMzc/hqdefault.jpg"
"umkixNb1Q1k","It's Five O'Clock Somewhere","Alan Jackson - Topic","2026-09-23","2017-11-28","3:50","https://i.ytimg.com/vi/umkixNb1Q1k/hqdefault.jpg"
"HRlQg8SBors","It's All Country","Derek Ryan - Topic","2026-09-23","2025-07-03","2:58","https://i.ytimg.com/vi/HRlQg8SBors/hqdefault.jpg"
"D_Db_WrSkds","Can't Let Go","Mariah Carey - Topic","2026-09-23","2015-08-12","4:27","https://i.ytimg.com/vi/D_Db_WrSkds/hqdefault.jpg"
"qjzNsIYHIns","I Know What You Want","Busta Rhymes - Topic","2026-09-23","2015-09-23","5:25","https://i.ytimg.com/vi/qjzNsIYHIns/hqdefault.jpg"
"tP0zj220CbQ","I Will Always Love You","Whitney Houston - Topic","2026-09-23","2017-01-25","4:32","https://i.ytimg.com/vi/tP0zj220CbQ/hqdefault.jpg"
"3ZdbHUolTi8","My All","Mariah Carey - Topic","2026-09-23","2017-02-10","3:51","https://i.ytimg.com/vi/3ZdbHUolTi8/hqdefault.jpg"
"KjZHh_C7IEo","Vision of Love","Mariah Carey - Topic","2026-09-23","2015-08-12","3:30","https://i.ytimg.com/vi/KjZHh_C7IEo/hqdefault.jpg"
"h84oF-IOalQ","Can't Take That Away (Mariah's Theme) (Radio Edit)","Mariah Carey - Topic","2026-09-23","2020-10-08","4:04","https://i.ytimg.com/vi/h84oF-IOalQ/hqdefault.jpg"
"1Irny35dRJo","Fantasy","Mariah Carey - Topic","2026-09-23","2016-02-04","4:04","https://i.ytimg.com/vi/1Irny35dRJo/hqdefault.jpg"
"A6uZ0Yv8lK4","Without You","Mariah Carey - Topic","2026-09-23","2017-02-20","3:34","https://i.ytimg.com/vi/A6uZ0Yv8lK4/hqdefault.jpg"
"aVQKVqYvpHs","Hero","Mariah Carey - Topic","2026-09-23","2023-09-07","4:18","https://i.ytimg.com/vi/aVQKVqYvpHs/hqdefault.jpg"
"Yg9KJW2Zi3c","We Belong Together","Mariah Carey - Topic","2026-09-23","2019-01-25","3:22","https://i.ytimg.com/vi/Yg9KJW2Zi3c/hqdefault.jpg"
"4wSMNO7gGgU","Te veo","Marta Santos - Topic","2026-09-23","2025-03-13","2:49","https://i.ytimg.com/vi/4wSMNO7gGgU/hqdefault.jpg"
"3ALMjpBl6_4","Papeles Mojados","Chambao - Topic","2026-09-23","2015-08-11","3:49","https://i.ytimg.com/vi/3ALMjpBl6_4/hqdefault.jpg"
"l2LKPXK62xs","Swimming Upstream","Gerry Guthrie - Topic","2026-09-23","2023-10-08","2:56","https://i.ytimg.com/vi/l2LKPXK62xs/hqdefault.jpg"
"M0u-O2bBaiU","Highway 101","Supersonics - Topic","2026-09-23","2024-04-12","3:50","https://i.ytimg.com/vi/M0u-O2bBaiU/hqdefault.jpg"
"OkLLtZiA7eM","Skinny Dippin' (Remastered 2017)","Lee Kernaghan - Topic","2026-09-23","2021-08-31","3:07","https://i.ytimg.com/vi/OkLLtZiA7eM/hqdefault.jpg"
"ERuMuaz5yMM","Stop the World and Let Me Of","West - Topic","2026-09-23","2022-09-06","3:06","https://i.ytimg.com/vi/ERuMuaz5yMM/hqdefault.jpg"
"JBP01iBfFwY","Born With Wheels","Sam Miller - Topic","2026-09-23","2025-03-13","3:00","https://i.ytimg.com/vi/JBP01iBfFwY/hqdefault.jpg"
"HaNJZHICidQ","Vogue 2k25","Nari & Milani - Topic","2026-09-23","2025-03-06","4:26","https://i.ytimg.com/vi/HaNJZHICidQ/hqdefault.jpg"
"WPgixjNUkg8","Te ka lali shpirt","Silva Gunbardhi - Topic","2026-09-23","2015-04-29","3:05","https://i.ytimg.com/vi/WPgixjNUkg8/hqdefault.jpg"
"aml7NigmHTg","Mrasno i poleka","Preslava - Topic","2026-09-23","2026-04-07","3:56","https://i.ytimg.com/vi/aml7NigmHTg/hqdefault.jpg"
"QNAD_rbzzcg","Pishi go neuspeshno","Preslava - Topic","2026-09-23","2026-03-26","3:29","https://i.ytimg.com/vi/QNAD_rbzzcg/hqdefault.jpg"
"CJgtG0l677o","Un'emozione per sempre","Eros Ramazzotti - Topic","2026-09-23","2014-11-09","3:57","https://i.ytimg.com/vi/CJgtG0l677o/hqdefault.jpg"
"CjaW8Qbz4NQ","All That She Wants","Nari & Milani - Topic","2026-09-23","2025-01-16","4:12","https://i.ytimg.com/vi/CjaW8Qbz4NQ/hqdefault.jpg"
"244o9oeaioA","Spaccacuore","Samuele Bersani - Topic","2026-09-23","2017-02-11","4:23","https://i.ytimg.com/vi/244o9oeaioA/hqdefault.jpg"
"rL1svMa518w","L'italiano","Toto Cutugno - Topic","2026-09-23","2015-07-11","3:57","https://i.ytimg.com/vi/rL1svMa518w/hqdefault.jpg"
"9BGFptDZ5Ic","Sempre, Sempre","Al Bano - Topic","2026-09-23","2024-04-08","4:02","https://i.ytimg.com/vi/9BGFptDZ5Ic/hqdefault.jpg"
"pYwt0EShA-o","Dance Again","Nari & Milani - Topic","2026-09-23","2024-11-21","4:36","https://i.ytimg.com/vi/pYwt0EShA-o/hqdefault.jpg"
"vdxeJI9_cIU","Tell Me Why (Original Mix)","Nari & Milani - Topic","2026-09-23","2023-10-05","4:35","https://i.ytimg.com/vi/vdxeJI9_cIU/hqdefault.jpg"
"L5cKJhYUS5g","I Got My Eye On You (feat. Luciana) [Cristian Marchi & Paolo Sandrini Perfect Edit]","Nari & Milani - Topic","2026-09-23","2017-11-14","3:21","https://i.ytimg.com/vi/L5cKJhYUS5g/hqdefault.jpg"
"677SEBWBYVw","Nari & Milani Vs. Cristian Marchi Feat. Max C - Let It Rain | EMPO Red Label","DJKamZpr0","2026-09-23","2022-12-08","6:38","https://i.ytimg.com/vi/677SEBWBYVw/hqdefault.jpg"
"4x6leDGV7gs","It's Raining Men","The Weather Girls - Topic","2026-09-23","2015-08-11","5:26","https://i.ytimg.com/vi/4x6leDGV7gs/hqdefault.jpg"
"H8SzBwCHqSM","Glow","Rebūke - Topic","2026-09-23","2023-04-08","3:14","https://i.ytimg.com/vi/H8SzBwCHqSM/hqdefault.jpg"
"BktkQVfPC6k","Anyma - Pictures Of You (KREAM Remix)","KREAM","2026-09-23","2024-10-19","3:15","https://i.ytimg.com/vi/BktkQVfPC6k/hqdefault.jpg"
"7R9HHsJuogI","Reserva","MRAK - Topic","2026-09-23","2024-10-03","5:47","https://i.ytimg.com/vi/7R9HHsJuogI/hqdefault.jpg"
"pViMxvedrMc","Dune","MRAK - Topic","2026-09-23","2024-10-03","4:50","https://i.ytimg.com/vi/pViMxvedrMc/hqdefault.jpg"
"Dz_51QF655A","The World Is Yours","MRAK - Topic","2026-09-23","2024-06-27","3:36","https://i.ytimg.com/vi/Dz_51QF655A/hqdefault.jpg"
"sjcFLBE6_lQ","Never Ends (MRAK & Omnya Remix)","MRAK - Topic","2026-09-23","2024-06-27","3:55","https://i.ytimg.com/vi/sjcFLBE6_lQ/hqdefault.jpg"
"POq_MUsD5IQ","Their Law","MRAK - Topic","2026-09-23","2024-06-27","3:47","https://i.ytimg.com/vi/POq_MUsD5IQ/hqdefault.jpg"
"iEi9CqjM1xM","The Flame","MRAK - Topic","2026-09-23","2024-06-27","3:32","https://i.ytimg.com/vi/iEi9CqjM1xM/hqdefault.jpg"
"c5eTqAF6-j8","Nobody","MRAK - Topic","2026-09-23","2025-08-13","3:10","https://i.ytimg.com/vi/c5eTqAF6-j8/hqdefault.jpg"
"Wv-VUIuTitY","The Process","MRAK - Topic","2026-09-23","2024-06-27","4:00","https://i.ytimg.com/vi/Wv-VUIuTitY/hqdefault.jpg"
"_Tml0Qvyh9Q","I Cross My Heart (From ""Pure Country/"" Soundtrack)","George Strait - Topic","2026-09-23","2018-07-30","3:32","https://i.ytimg.com/vi/_Tml0Qvyh9Q/hqdefault.jpg"
"8ZY68GXwIos","Write This Down","George Strait - Topic","2026-09-23","2018-07-30","3:40","https://i.ytimg.com/vi/8ZY68GXwIos/hqdefault.jpg"
"B9Sf1zEC2Ls","Little Man","Alan Jackson - Topic","2026-09-23","2015-08-12","4:28","https://i.ytimg.com/vi/B9Sf1zEC2Ls/hqdefault.jpg"
"nbSzdBHTNtI","Sissy's Song","Alan Jackson - Topic","2026-09-23","2017-01-25","3:03","https://i.ytimg.com/vi/nbSzdBHTNtI/hqdefault.jpg"
"xT4Jnr6s1GM","There Goes","Alan Jackson - Topic","2026-09-23","2014-11-08","3:56","https://i.ytimg.com/vi/xT4Jnr6s1GM/hqdefault.jpg"
"nH_WMaA0A7k","A House with No Curtains","Alan Jackson - Topic","2026-09-23","2014-11-08","3:26","https://i.ytimg.com/vi/nH_WMaA0A7k/hqdefault.jpg"
"xd7fAjiAtes","Heaven, Are You Listening?","Kalsey Kulyk - Topic","2026-09-23","2025-03-31","3:44","https://i.ytimg.com/vi/xd7fAjiAtes/hqdefault.jpg"
"fPgd5r0UqkI","I May Hate Myself In The Morning","Kalsey Kulyk - Topic","2026-09-23","2025-02-06","3:45","https://i.ytimg.com/vi/fPgd5r0UqkI/hqdefault.jpg"
"uI-jVNgcAXo","Love Me Like An Outlaw","Kalsey Kulyk - Topic","2026-09-23","2025-03-31","3:26","https://i.ytimg.com/vi/uI-jVNgcAXo/hqdefault.jpg"
"M1lZLVkhDOA","Grandpa (Tell Me ‘Bout The Good Old Days)","Kalsey Kulyk - Topic","2026-09-23","2025-05-08","3:49","https://i.ytimg.com/vi/M1lZLVkhDOA/hqdefault.jpg"
"A6DBJgvui-g","Carrying Your Love With Me","Kalsey Kulyk - Topic","2026-09-23","2025-07-10","3:30","https://i.ytimg.com/vi/A6DBJgvui-g/hqdefault.jpg"
"W7Emh-5SZCw","Shining Heart","Laurentiu Duta - Topic","2026-09-23","2016-06-18","3:37","https://i.ytimg.com/vi/W7Emh-5SZCw/hqdefault.jpg"
"WqG13fmT0kk","Sexy Love (Radio Edit)","Residence DeeJays - Topic","2026-09-23","2015-02-06","3:19","https://i.ytimg.com/vi/WqG13fmT0kk/hqdefault.jpg"
"k6KG-k3z05Q","Love Don't Let Me Go","David Guetta - Topic","2026-09-23","2017-01-25","3:37","https://i.ytimg.com/vi/k6KG-k3z05Q/hqdefault.jpg"
"YuG1jZKeVRw","Mercury Blues","Alan Jackson - Topic","2026-09-23","2017-02-20","3:39","https://i.ytimg.com/vi/YuG1jZKeVRw/hqdefault.jpg"
"9tuNXtVUHe4","Small Town Southern Man","Alan Jackson - Topic","2026-09-23","2017-02-09","4:41","https://i.ytimg.com/vi/9tuNXtVUHe4/hqdefault.jpg"
"jSppDukcO5Y","Elvira Fjerza Marlen Qelia Dashnia mka zan","Fenix Studio - Topic","2026-09-23","2024-05-03","3:34","https://i.ytimg.com/vi/jSppDukcO5Y/hqdefault.jpg"
"oHCCA75Cgks","Elvira Fjerza Merita Gashi Potpuri folklorike","Fenix Studio - Topic","2026-09-23","2024-09-12","6:42","https://i.ytimg.com/vi/oHCCA75Cgks/hqdefault.jpg"
"G6nzZUFW9QI","Elizabeta Marku Elvira Fjerza Kunatat","Fenix Studio - Topic","2026-09-23","2024-07-12","4:39","https://i.ytimg.com/vi/G6nzZUFW9QI/hqdefault.jpg"
"tiitW4NQAWY","Elvira Fjerza & Marlen Qelia Nusja moter me ka dal","Fenix Studio - Topic","2026-09-23","2023-09-19","7:22","https://i.ytimg.com/vi/tiitW4NQAWY/hqdefault.jpg"
"vmcILTsw2vg","Elvira Fjerza & Novi Prendi Na shkofte jeta me dashni","Fenix Studio - Topic","2026-09-23","2025-05-01","3:34","https://i.ytimg.com/vi/vmcILTsw2vg/hqdefault.jpg"
"FWNMaewt1P8","Elvira Fjerza Sot u ba nana me djale","Fenix Studio - Topic","2026-09-23","2025-05-21","3:51","https://i.ytimg.com/vi/FWNMaewt1P8/hqdefault.jpg"
"2wmFyWoaWWE","Where the Country Girls At (feat. Luke Bryan & Pitbull)","Trace Adkins - Topic","2026-09-23","2021-08-26","3:31","https://i.ytimg.com/vi/2wmFyWoaWWE/hqdefault.jpg"
"MzicxsEcH-A","What Makes You Country","Luke Bryan - Topic","2026-09-23","2018-07-24","3:56","https://i.ytimg.com/vi/MzicxsEcH-A/hqdefault.jpg"
"MxaBtUmne4A","Rain Is A Good Thing","Luke Bryan - Topic","2026-09-23","2019-10-03","2:57","https://i.ytimg.com/vi/MxaBtUmne4A/hqdefault.jpg"
"E3d2J53ZjHA","Kiss Tomorrow Goodbye","Luke Bryan - Topic","2026-09-23","2018-07-23","3:24","https://i.ytimg.com/vi/E3d2J53ZjHA/hqdefault.jpg"
"fb7ekOiy17M","Drink A Beer","Luke Bryan - Topic","2026-09-23","2018-07-29","3:23","https://i.ytimg.com/vi/fb7ekOiy17M/hqdefault.jpg"
"4Fr7hxL302g","Georgia Ways","Quavo - Topic","2026-09-23","2024-12-05","2:49","https://i.ytimg.com/vi/4Fr7hxL302g/hqdefault.jpg"
"34A90lK7U0o","Love You, Miss You, Mean It","Luke Bryan - Topic","2026-09-23","2024-06-13","3:22","https://i.ytimg.com/vi/34A90lK7U0o/hqdefault.jpg"
"iOQo8ZPrlLg","Knockin' Boots","Luke Bryan - Topic","2026-09-23","2020-08-06","3:21","https://i.ytimg.com/vi/iOQo8ZPrlLg/hqdefault.jpg"
"VyZR6unbX7g","Kick The Dust Up","Luke Bryan - Topic","2026-09-23","2018-07-26","3:11","https://i.ytimg.com/vi/VyZR6unbX7g/hqdefault.jpg"
"0eN1E0ejFTE","Crash My Party","Luke Bryan - Topic","2026-09-23","2018-07-29","3:55","https://i.ytimg.com/vi/0eN1E0ejFTE/hqdefault.jpg"
"qiEwvzNnd4g","Roller Coaster","Luke Bryan - Topic","2026-09-23","2018-07-29","4:20","https://i.ytimg.com/vi/qiEwvzNnd4g/hqdefault.jpg"
"lQqXUtJsqTc","Drunk On You","Luke Bryan - Topic","2026-09-23","2018-07-23","3:34","https://i.ytimg.com/vi/lQqXUtJsqTc/hqdefault.jpg"
"E1I4YTFdFLQ","Do I","Luke Bryan - Topic","2026-09-23","2019-10-03","4:00","https://i.ytimg.com/vi/E1I4YTFdFLQ/hqdefault.jpg"
"KIHFcRrU6-s","I Don't Want This Night To End","Luke Bryan - Topic","2026-09-23","2018-07-23","3:40","https://i.ytimg.com/vi/KIHFcRrU6-s/hqdefault.jpg"
"M6O1f5ofHyE","That's My Kind Of Night","Luke Bryan - Topic","2026-09-23","2018-12-12","3:11","https://i.ytimg.com/vi/M6O1f5ofHyE/hqdefault.jpg"
"Ge0V_449Epc","One Margarita","Luke Bryan - Topic","2026-09-23","2020-08-06","3:14","https://i.ytimg.com/vi/Ge0V_449Epc/hqdefault.jpg"
"GwvS-ZtbY2I","Country Song Came On","Luke Bryan - Topic","2026-09-23","2024-09-26","3:55","https://i.ytimg.com/vi/GwvS-ZtbY2I/hqdefault.jpg"
"kV1WGa_f2og","Huntin', Fishin' And Lovin' Every Day","Luke Bryan - Topic","2026-09-23","2018-07-26","4:39","https://i.ytimg.com/vi/kV1WGa_f2og/hqdefault.jpg"
"r7A0Sjiu2zg","Country Girl (Shake It For Me)","Luke Bryan - Topic","2026-09-23","2018-07-23","3:46","https://i.ytimg.com/vi/r7A0Sjiu2zg/hqdefault.jpg"
"lgzG4Fi8mqU","Play It Again","Luke Bryan - Topic","2026-09-23","2018-12-12","3:47","https://i.ytimg.com/vi/lgzG4Fi8mqU/hqdefault.jpg"
"QnyiSigYFnE","Bullet","SNIK - Topic","2026-09-23","2024-05-23","2:22","https://i.ytimg.com/vi/QnyiSigYFnE/hqdefault.jpg"
"pbdJWiro8Wo","Luje","Solo - Topic","2026-09-23","2023-04-24","2:34","https://i.ytimg.com/vi/pbdJWiro8Wo/hqdefault.jpg"
"rnx6-ZkvBYo","Talking In Your Sleep","Reba McEntire - Topic","2026-09-23","2018-07-30","4:25","https://i.ytimg.com/vi/rnx6-ZkvBYo/hqdefault.jpg"
"mp5VRRY_zbQ","Amazing Grace / My Chains Are Gone","Reba McEntire - Topic","2026-09-23","2022-03-24","4:27","https://i.ytimg.com/vi/mp5VRRY_zbQ/hqdefault.jpg"
"O4yYovQkhr8","Rumor Has It","Reba McEntire - Topic","2026-09-23","2018-07-28","3:49","https://i.ytimg.com/vi/O4yYovQkhr8/hqdefault.jpg"
"NsywAP4cDso","Somebody Should Leave","Reba McEntire - Topic","2026-09-23","2018-07-29","3:34","https://i.ytimg.com/vi/NsywAP4cDso/hqdefault.jpg"
"qNmcUP0E3pc","I Wouldn't Go That Far","Reba McEntire - Topic","2026-09-23","2018-07-31","3:27","https://i.ytimg.com/vi/qNmcUP0E3pc/hqdefault.jpg"
"Kk6o6LUKUT4","Since I Fell For You","Natalie Cole - Topic","2026-09-23","2018-07-31","4:18","https://i.ytimg.com/vi/Kk6o6LUKUT4/hqdefault.jpg"
"qW_Gq-1J20M","If I Had Only Known","Reba McEntire - Topic","2026-09-23","2018-07-31","4:01","https://i.ytimg.com/vi/qW_Gq-1J20M/hqdefault.jpg"
"7pdSzY5QbxU","The Greatest Man I Never Knew","Reba McEntire - Topic","2026-09-23","2018-07-31","3:15","https://i.ytimg.com/vi/7pdSzY5QbxU/hqdefault.jpg"
"OdrUQP9y4f4","One Promise Too Late","Reba McEntire - Topic","2026-09-23","2018-12-12","3:26","https://i.ytimg.com/vi/OdrUQP9y4f4/hqdefault.jpg"
"_HbTASYNVps","I'm A Survivor","Reba McEntire - Topic","2026-09-23","2018-08-20","3:08","https://i.ytimg.com/vi/_HbTASYNVps/hqdefault.jpg"
"zW7NzdtyG1s","Does He Love You (Acoustic Version)","Reba McEntire - Topic","2026-09-23","2021-10-07","4:26","https://i.ytimg.com/vi/zW7NzdtyG1s/hqdefault.jpg"
"maMsFJmo1Pw","Whoever's In New England","Reba McEntire - Topic","2026-09-23","2018-07-31","3:24","https://i.ytimg.com/vi/maMsFJmo1Pw/hqdefault.jpg"
"yOSpiuQZOvg","Forever Love","Reba McEntire - Topic","2026-09-23","2018-07-31","3:52","https://i.ytimg.com/vi/yOSpiuQZOvg/hqdefault.jpg"
"6dBy23Op0d0","How Was I To Know","Reba McEntire - Topic","2026-09-23","2018-07-31","3:41","https://i.ytimg.com/vi/6dBy23Op0d0/hqdefault.jpg"
"nYzKptsullY","The Last One To Know","Reba McEntire - Topic","2026-09-23","2018-07-29","3:18","https://i.ytimg.com/vi/nYzKptsullY/hqdefault.jpg"
"dHkvg_5S-xQ","Better in Time","Leona Lewis - Topic","2026-09-23","2015-08-12","3:55","https://i.ytimg.com/vi/dHkvg_5S-xQ/hqdefault.jpg"
"_Jun5Wu72J0","Flying Without Wings","Westlife - Topic","2026-09-23","2020-12-08","3:37","https://i.ytimg.com/vi/_Jun5Wu72J0/hqdefault.jpg"
"-RpYyxf9cdw","If I Let You Go (Radio Edit)","Westlife - Topic","2026-09-23","2020-12-08","3:42","https://i.ytimg.com/vi/-RpYyxf9cdw/hqdefault.jpg"
"KJwwhM-Wx58","Left Outside Alone","Anastacia - Topic","2026-09-23","2017-01-03","4:18","https://i.ytimg.com/vi/KJwwhM-Wx58/hqdefault.jpg"
"Ht4FHWTeh-4","Watermelon Crawl","Tracy Byrd - Topic","2026-09-23","2018-07-31","3:02","https://i.ytimg.com/vi/Ht4FHWTeh-4/hqdefault.jpg"
"HLaMQU9uctA","Don't!","Shania Twain - Topic","2026-09-23","2019-02-14","4:01","https://i.ytimg.com/vi/HLaMQU9uctA/hqdefault.jpg"
"AneYVYWd7N8","Song of the South","Alabama - Topic","2026-09-23","2017-02-18","3:12","https://i.ytimg.com/vi/AneYVYWd7N8/hqdefault.jpg"
"KP6Cx9gFzVM","Un-Break My Heart","Toni Braxton - Topic","2026-09-23","2015-08-12","4:31","https://i.ytimg.com/vi/KP6Cx9gFzVM/hqdefault.jpg"
"dxQrwl1rC9A","Because You Loved Me (Theme from ""Up Close and Personal"")","Céline Dion - Topic","2026-09-23","2019-07-17","4:34","https://i.ytimg.com/vi/dxQrwl1rC9A/hqdefault.jpg"
"aeZiMoRhiZU","You're Still The One (Live)","Shania Twain - Topic","2026-09-23","2018-07-26","3:36","https://i.ytimg.com/vi/aeZiMoRhiZU/hqdefault.jpg"
"eq8Q3hA2bNk","I'm Gonna Getcha Good! (Live)","Shania Twain - Topic","2026-09-23","2018-07-26","4:14","https://i.ytimg.com/vi/eq8Q3hA2bNk/hqdefault.jpg"
"Qc1psVaCugY","I Got My Baby","Faith Hill - Topic","2026-09-23","2017-07-27","3:32","https://i.ytimg.com/vi/Qc1psVaCugY/hqdefault.jpg"
"AwnnXVeFIw4","Turks And Shqipes (feat. S9)","OTP - Topic","2026-09-23","2023-08-03","2:50","https://i.ytimg.com/vi/AwnnXVeFIw4/hqdefault.jpg"
"sRDFKQE3Quc","Step Out (feat. Tinz STS)","S9 - Topic","2026-09-23","2021-12-05","3:06","https://i.ytimg.com/vi/sRDFKQE3Quc/hqdefault.jpg"
"C1sPn6oPxFs","Albanian Drill (Remix)","S9 - Topic","2026-09-23","2023-10-12","3:13","https://i.ytimg.com/vi/C1sPn6oPxFs/hqdefault.jpg"
"9lPPwrWLbF8","London View Remix","S9 - Topic","2026-09-23","2022-08-31","3:00","https://i.ytimg.com/vi/9lPPwrWLbF8/hqdefault.jpg"
"E006lRYLURE","Albanian Drill #2","S9 - Topic","2026-09-23","2024-06-22","3:29","https://i.ytimg.com/vi/E006lRYLURE/hqdefault.jpg"
"rCmfT75tKhI","9mm Freestyle","S9 - Topic","2026-09-23","2024-06-01","3:02","https://i.ytimg.com/vi/rCmfT75tKhI/hqdefault.jpg"
"Tc90qkSPHA8","Internacional","S9 - Topic","2026-09-23","2023-02-16","2:59","https://i.ytimg.com/vi/Tc90qkSPHA8/hqdefault.jpg"
"XCva14SSieI","Fac Una Si-Mi Iese Alta","Nicolae Guta   - Topic","2026-09-23","2022-02-12","3:48","https://i.ytimg.com/vi/XCva14SSieI/hqdefault.jpg"
"NnqDyfUeZmc","Cine e inima mea","Laura Vass - Topic","2026-09-23","2023-09-03","4:50","https://i.ytimg.com/vi/NnqDyfUeZmc/hqdefault.jpg"
"Y0ZmKlDOy0Y","Desaparecidos - La Noche (Turn The Volume Up remix) tomorrowland edit","TomyList ","2026-09-23","2013-07-06","7:09","https://i.ytimg.com/vi/Y0ZmKlDOy0Y/hqdefault.jpg"
"uesX6yD8Uy4","Fiesta Loca (Radio Edit)","Desaparecidos - Topic","2026-09-23","2018-07-21","3:36","https://i.ytimg.com/vi/uesX6yD8Uy4/hqdefault.jpg"
"Al-49iurXNw","Ibiza (Desaparecidos Vs. Walter Master J / Farina & Marchesini Remix)","Desaparecidos - Topic","2026-09-23","2018-07-23","6:34","https://i.ytimg.com/vi/Al-49iurXNw/hqdefault.jpg"
"J6cNvjOn4gM","You're Still The One (Remixed/Remastered 2004)","Shania Twain - Topic","2026-09-23","2018-07-26","3:15","https://i.ytimg.com/vi/J6cNvjOn4gM/hqdefault.jpg"
"bl3tIQ6pq8I","Honey, I'm Home (Live)","Shania Twain - Topic","2026-09-23","2018-07-26","3:43","https://i.ytimg.com/vi/bl3tIQ6pq8I/hqdefault.jpg"
"bRW9siNXYX8","You Win My Love (Live)","Shania Twain - Topic","2026-09-23","2018-07-26","4:34","https://i.ytimg.com/vi/bRW9siNXYX8/hqdefault.jpg"
"qnfaPqA2FXs","Any Man Of Mine","Shania Twain - Topic","2026-09-23","2018-07-23","4:07","https://i.ytimg.com/vi/qnfaPqA2FXs/hqdefault.jpg"
"6yUOiEyfW0M","Neva Play (feat. RM of BTS)","Megan Thee Stallion - Topic","2026-09-23","2024-10-25","2:38","https://i.ytimg.com/vi/6yUOiEyfW0M/hqdefault.jpg"
"fWd1yQaXCEk","Wanna Be","GloRilla - Topic","2026-09-23","2024-04-06","2:37","https://i.ytimg.com/vi/fWd1yQaXCEk/hqdefault.jpg"
"5WEv5voUGio","Mamushi (feat. Yuki Chiba)","Megan Thee Stallion - Topic","2026-09-23","2024-06-28","2:37","https://i.ytimg.com/vi/5WEv5voUGio/hqdefault.jpg"
"nOj6d-HOw2w","Hips Don't Lie","Shakira - Topic","2026-09-23","2025-06-12","3:41","https://i.ytimg.com/vi/nOj6d-HOw2w/hqdefault.jpg"
"E2lX1ZovtcA","Give Me Everything","Pitbull - Topic","2026-09-23","2017-02-19","4:13","https://i.ytimg.com/vi/E2lX1ZovtcA/hqdefault.jpg"
"xXD5tltX9Pg","Umbrella","Rihanna - Topic","2026-09-23","2018-07-23","4:36","https://i.ytimg.com/vi/xXD5tltX9Pg/hqdefault.jpg"
"9ocbBxLABR8","The Last Train Leaves the Deserted Station","Enlly Blue - Topic","2026-09-23","2026-07-31","3:07","https://i.ytimg.com/vi/9ocbBxLABR8/hqdefault.jpg"
"NKwlnNqWWLg","Beneath the Night Bridge","Enlly Blue - Topic","2026-09-23","2026-07-31","4:05","https://i.ytimg.com/vi/NKwlnNqWWLg/hqdefault.jpg"
"tFylM-6EG00","Late Afternoon Light","Enlly Blue - Topic","2026-09-23","2026-08-03","5:31","https://i.ytimg.com/vi/tFylM-6EG00/hqdefault.jpg"
"PeXW0tDXJvM","Still Reaching","Enlly Blue - Topic","2026-09-23","2026-08-03","4:32","https://i.ytimg.com/vi/PeXW0tDXJvM/hqdefault.jpg"
"CzaJZCrn_b0","What the River Remembers","Enlly Blue - Topic","2026-09-23","2026-08-03","3:05","https://i.ytimg.com/vi/CzaJZCrn_b0/hqdefault.jpg"
"l062MPuN0J4","Breaking the Blue","Enlly Blue - Topic","2026-09-23","2026-08-03","5:56","https://i.ytimg.com/vi/l062MPuN0J4/hqdefault.jpg"
"C0zlOVV-YOY","Far from the Noise","Enlly Blue - Topic","2026-09-23","2026-08-03","4:47","https://i.ytimg.com/vi/C0zlOVV-YOY/hqdefault.jpg"
"xJ2PyPUVqZo","No One's Coming Down the Road","Enlly Blue - Topic","2026-09-23","2026-08-03","3:45","https://i.ytimg.com/vi/xJ2PyPUVqZo/hqdefault.jpg"
"0crG_0vruBs","Almost Said It","Enlly Blue - Topic","2026-09-23","2026-08-03","5:38","https://i.ytimg.com/vi/0crG_0vruBs/hqdefault.jpg"
"I0J_6p94eos","How Long Will I Love You","Ellie Goulding - Topic","2026-09-23","2022-10-11","2:35","https://i.ytimg.com/vi/I0J_6p94eos/hqdefault.jpg"
"uAjztfZ1Ra8","Twin 1 - Vllai (Official Lyrics Video)","1twin2","2026-09-23","2022-12-30","2:53","https://i.ytimg.com/vi/uAjztfZ1Ra8/hqdefault.jpg"
"3OkxAYJ1olk","Koya","Djena - Topic","2026-09-23","2026-04-03","3:21","https://i.ytimg.com/vi/3OkxAYJ1olk/hqdefault.jpg"
"SngMbMM4JRk","Deja Vu (Play & Win Radio Edit)","INNA - Topic","2026-09-23","2020-05-07","4:22","https://i.ytimg.com/vi/SngMbMM4JRk/hqdefault.jpg"
"7BciftnYNfs","Love","INNA - Topic","2026-09-23","2025-09-19","3:39","https://i.ytimg.com/vi/7BciftnYNfs/hqdefault.jpg"
"DR0QIU2wGy4","Hot (Play & Win Radio Version)","INNA - Topic","2026-09-23","2025-08-07","3:40","https://i.ytimg.com/vi/DR0QIU2wGy4/hqdefault.jpg"
"pvH9x_VcNps","Ne se iztrivash","Preslava - Topic","2026-09-23","2026-04-17","4:07","https://i.ytimg.com/vi/pvH9x_VcNps/hqdefault.jpg"
"VrlKfUKC7Vk","Scarface (Push It To The Limit)","Paul Engemann - Topic","2026-09-23","2022-09-08","5:13","https://i.ytimg.com/vi/VrlKfUKC7Vk/hqdefault.jpg"
"nuUS2MMklbM","Mister Monj, A-Mase - Never Let You Go [The Bestseller Deep House Remix]","Mister Monj [Official Channel]","2026-09-23","2023-04-16","5:10","https://i.ytimg.com/vi/nuUS2MMklbM/hqdefault.jpg"
"Nx3eQB0yXlw","like my father","Jax - Topic","2026-09-23","2021-06-03","3:04","https://i.ytimg.com/vi/Nx3eQB0yXlw/hqdefault.jpg"
"8fmCwPLi954","A New Day Has Come (Radio Remix)","Céline Dion - Topic","2026-09-23","2019-09-26","4:20","https://i.ytimg.com/vi/8fmCwPLi954/hqdefault.jpg"
"7dGysPC_q9k","Azúcar Moreno - Bandido | Spain 🇪🇸 | Grand Final | Eurovision 1990","Eurovision Song Contest","2026-09-23","2023-12-23","3:12","https://i.ytimg.com/vi/7dGysPC_q9k/hqdefault.jpg"
"gFQ01Fs952o","Sash! - Adelante (Official Video)","Altra Moda Music","2026-09-23","2016-10-04","3:43","https://i.ytimg.com/vi/gFQ01Fs952o/hqdefault.jpg"
"NKN9uM_Oazw","Mesnata","Stealth - Topic","2026-09-23","2025-04-30","3:12","https://i.ytimg.com/vi/NKN9uM_Oazw/hqdefault.jpg"
"0j0H482NPJI","Listen To Your Heart","Roxette - Topic","2026-09-23","2025-01-24","5:29","https://i.ytimg.com/vi/0j0H482NPJI/hqdefault.jpg"
"yAuTUWITF9I","I'm Alive","Céline Dion - Topic","2026-09-23","2019-09-26","3:31","https://i.ytimg.com/vi/yAuTUWITF9I/hqdefault.jpg"
"_kpf6wSOvmU","David Guetta & Kim Petras - When We Were Young (Razer x Dj Vianu x NVRMIND Remix)","Dj Vianu","2026-09-23","2023-12-01","3:26","https://i.ytimg.com/vi/_kpf6wSOvmU/hqdefault.jpg"
"Qxtgn-hdo6s","Zivert – Fly (Patrick G-Spot x Stefano Prada Remix)","Musical District","2026-09-23","2023-05-17","2:54","https://i.ytimg.com/vi/Qxtgn-hdo6s/hqdefault.jpg"
"0iTCdHUlDTk","Justus - Forever Alive (Official Audio)","Spinnin' Records","2026-09-23","2022-01-31","3:09","https://i.ytimg.com/vi/0iTCdHUlDTk/hqdefault.jpg"
"NNjJuB0MaAA","Alabina","Ishtar - Topic","2026-09-23","2014-11-08","3:46","https://i.ytimg.com/vi/NNjJuB0MaAA/hqdefault.jpg"
"6yBFXc9iw3o","El Legia","Los Moles - Topic","2026-09-23","2016-12-25","5:04","https://i.ytimg.com/vi/6yBFXc9iw3o/hqdefault.jpg"
"YwmM-rP4zwQ","Kanuni I Katilit","Unikkatil - Topic","2026-09-23","2017-02-09","4:00","https://i.ytimg.com/vi/YwmM-rP4zwQ/hqdefault.jpg"
"V_hlg45-95Y","CALIFORNIA (the OC theme)","Release - Topic","2026-09-23","2026-07-28","3:12","https://i.ytimg.com/vi/V_hlg45-95Y/hqdefault.jpg"
"EbEzT8j-gF8","California (Tchad Blake Mix)","Phantom Planet - Topic","2026-09-23","2016-02-15","3:14","https://i.ytimg.com/vi/EbEzT8j-gF8/hqdefault.jpg"
"H7qU4JaCfMg","Danoto kopay","Emanuela - Topic","2026-09-23","2026-04-09","4:09","https://i.ytimg.com/vi/H7qU4JaCfMg/hqdefault.jpg"
"6ZscupdxHa0","Pimpin","Megan Thee Stallion - Topic","2026-09-23","2022-03-14","3:24","https://i.ytimg.com/vi/6ZscupdxHa0/hqdefault.jpg"
"1cE7j-Riepk","KREAM - Arrival | Car Music","Niza","2026-09-23","2025-02-09","3:25","https://i.ytimg.com/vi/1cE7j-Riepk/hqdefault.jpg"
"x9uLCk5Oo1Q","In My Arms (KREAM Remix)","ILLENIUM - Topic","2026-09-23","2025-06-26","3:38","https://i.ytimg.com/vi/x9uLCk5Oo1Q/hqdefault.jpg"
"z8t5xXiDXg4","Alabina (feat. Ishtar, Los Niños de Sara) [Original Version]","Ishtar - Topic","2026-09-23","2014-11-09","3:53","https://i.ytimg.com/vi/z8t5xXiDXg4/hqdefault.jpg"
"jN2JB8MYfX0","Metro Antistrofa (5, 4, 3, 2, 1)","Konstantinos Koufos - Topic","2026-09-23","2026-01-28","3:20","https://i.ytimg.com/vi/jN2JB8MYfX0/hqdefault.jpg"
"Ggg_8j8MiNg","The Chair","George Strait - Topic","2026-09-23","2018-07-26","2:51","https://i.ytimg.com/vi/Ggg_8j8MiNg/hqdefault.jpg"
"xfbl4HYklf0","Jerry Ropero - Coração (NR Remix)","NR - Robin","2026-09-23","2025-06-26","3:46","https://i.ytimg.com/vi/xfbl4HYklf0/hqdefault.jpg"
"-zM7nnCS5eY","To Tragoudi Tou Kairou (Happy Day)","Kostas Doxas - Topic","2026-09-23","2025-09-18","3:04","https://i.ytimg.com/vi/-zM7nnCS5eY/hqdefault.jpg"
"YlJMOSsDKk8","To Tragoudi Tou Kairou feat. Giannis Kritikos (Happy Day - 2017 Version)","Kostas Doxas - Topic","2026-09-23","2025-09-18","3:15","https://i.ytimg.com/vi/YlJMOSsDKk8/hqdefault.jpg"
"0GTvscgfb1k","San Frandisco","Dom Dolla - Topic","2026-09-23","2019-09-19","3:05","https://i.ytimg.com/vi/0GTvscgfb1k/hqdefault.jpg"
"poXIwqr2ufc","Nu (Original Mix)","DJ Project - Topic","2026-09-23","2017-02-07","4:07","https://i.ytimg.com/vi/poXIwqr2ufc/hqdefault.jpg"
"Ri0ycAm78rY","6IX9INE - BARNEY ft. Juicy J, Takeoff, Pop Smoke, Offset (RapKing Music Video)","RapKing","2026-09-23","2024-09-01","6:14","https://i.ytimg.com/vi/Ri0ycAm78rY/hqdefault.jpg"
"jjQZzbLBPzI","A Po M Don","BM - Topic","2026-09-23","2023-02-14","2:30","https://i.ytimg.com/vi/jjQZzbLBPzI/hqdefault.jpg"
"LZMKCKBlGqc","🇦🇱 S9 - Albanian Drill #1 (Official Music Video)","S9 Official","2026-09-23","2022-10-07","3:10","https://i.ytimg.com/vi/LZMKCKBlGqc/hqdefault.jpg"
"uvLcwoXbk8I","M’ka shku menja me u fejue","Frederik Ndoci - Topic","2026-09-23","2025-01-20","6:30","https://i.ytimg.com/vi/uvLcwoXbk8I/hqdefault.jpg"
"XKl9VjUaewc","Por si ty nuk ka një tjetër/Je shkodrane moj Michelle","Frederik Ndoci - Topic","2026-09-23","2025-01-17","3:46","https://i.ytimg.com/vi/XKl9VjUaewc/hqdefault.jpg"
"sct2z8avblY","Tu Luta","Shkurte Gashi - Topic","2026-09-23","2018-06-21","3:36","https://i.ytimg.com/vi/sct2z8avblY/hqdefault.jpg"
"-cT1XuIPMfw","Kosmos","Estiva - Topic","2026-09-23","2019-09-26","3:30","https://i.ytimg.com/vi/-cT1XuIPMfw/hqdefault.jpg"
"ytvlTIok1Bo","От кеф да умирам","Dessita - Topic","2026-09-23","2024-07-09","4:01","https://i.ytimg.com/vi/ytvlTIok1Bo/hqdefault.jpg"
"jmnUpvUYKK8","Дъното копай","Emanuela - Topic","2026-09-23","2026-04-07","4:09","https://i.ytimg.com/vi/jmnUpvUYKK8/hqdefault.jpg"
"zWewruOuOHo","Cola (Club Mix)","CamelPhat - Topic","2026-09-23","2024-12-16","6:56","https://i.ytimg.com/vi/zWewruOuOHo/hqdefault.jpg"
"q_MtePol92o","S&M","Rihanna - Topic","2026-09-23","2018-06-29","4:04","https://i.ytimg.com/vi/q_MtePol92o/hqdefault.jpg"
"usvTbqTHwyw","I Kissed A Girl","Katy Perry - Topic","2026-09-23","2017-02-20","3:00","https://i.ytimg.com/vi/usvTbqTHwyw/hqdefault.jpg"
"F_ve3dNxvFw","Summertime Blues","Alan Jackson - Topic","2026-09-23","2017-07-27","3:13","https://i.ytimg.com/vi/F_ve3dNxvFw/hqdefault.jpg"
"M0LBh6mAFhM","Chattahoochee (Extended Mix 2)","Alan Jackson - Topic","2026-09-23","2014-11-06","4:07","https://i.ytimg.com/vi/M0LBh6mAFhM/hqdefault.jpg"
"NsAESKASF74","Country Boy","Alan Jackson - Topic","2026-09-23","2017-01-25","4:07","https://i.ytimg.com/vi/NsAESKASF74/hqdefault.jpg"
"ycrj85L6dsE","Drive (For Daddy Gene)","Alan Jackson - Topic","2026-09-23","2015-08-12","4:03","https://i.ytimg.com/vi/ycrj85L6dsE/hqdefault.jpg"
"8a8s0OCmqgo","Oblivion","CamelPhat - Topic","2026-09-23","2025-09-11","3:40","https://i.ytimg.com/vi/8a8s0OCmqgo/hqdefault.jpg"
"W2rC5v5hf8s","Um (widerberg Awakening Radio Edit)","Zafrir - Topic","2026-09-23","2023-11-09","3:15","https://i.ytimg.com/vi/W2rC5v5hf8s/hqdefault.jpg"
"O2WUxPNJxCw","Insomnia","Laura van Dam - Topic","2026-09-23","2024-12-19","3:18","https://i.ytimg.com/vi/O2WUxPNJxCw/hqdefault.jpg"
"rHpI8kHnvvk","MarcelFit - Shut Up","MARCELFIT","2026-09-23","2024-03-21","3:40","https://i.ytimg.com/vi/rHpI8kHnvvk/hqdefault.jpg"
"GxdWattQE1U","Wait A Minute","Biscits - Topic","2026-09-23","2021-10-14","3:35","https://i.ytimg.com/vi/GxdWattQE1U/hqdefault.jpg"
"QObi5WqdOtE","Mercy","FOMO - Topic","2026-09-23","2021-09-23","3:09","https://i.ytimg.com/vi/QObi5WqdOtE/hqdefault.jpg"
"3GDNgRWadC4","Portal","MRAK - Topic","2026-09-23","2024-06-27","3:46","https://i.ytimg.com/vi/3GDNgRWadC4/hqdefault.jpg"
"RL2dY9JGfZY","Usion","Layla Benitez - Topic","2026-09-23","2024-04-18","3:26","https://i.ytimg.com/vi/RL2dY9JGfZY/hqdefault.jpg"
"9kj_yFZb4G4","Totem","Skober - Topic","2026-09-23","2023-03-23","4:37","https://i.ytimg.com/vi/9kj_yFZb4G4/hqdefault.jpg"
"bnA7yJkAG30","Do It To It","ACRAZE - Topic","2026-09-23","2025-07-31","2:38","https://i.ytimg.com/vi/bnA7yJkAG30/hqdefault.jpg"
"4kmm2puiB0A","Ignis","Noctua - Topic","2026-09-23","2024-04-18","3:51","https://i.ytimg.com/vi/4kmm2puiB0A/hqdefault.jpg"
"OvTAU_eESCk","Are We Truly Free?","KAS:ST - Topic","2026-09-23","2024-10-24","3:37","https://i.ytimg.com/vi/OvTAU_eESCk/hqdefault.jpg"
"IsW1ClkxuuI","How Do I Sleep Now","Dallerium - Topic","2026-09-23","2021-07-22","3:15","https://i.ytimg.com/vi/IsW1ClkxuuI/hqdefault.jpg"
"af_uUQd9KrQ","Sedna (Original Mix)","Lodos - Topic","2026-09-23","2021-03-04","3:31","https://i.ytimg.com/vi/af_uUQd9KrQ/hqdefault.jpg"
"7lRKgzXxvOQ","Collide","MORVN - Topic","2026-09-23","2023-01-24","3:14","https://i.ytimg.com/vi/7lRKgzXxvOQ/hqdefault.jpg"
"3rzw4X99syA","IN BETWEEN","The Element MT - Topic","2026-09-23","2024-11-14","3:53","https://i.ytimg.com/vi/3rzw4X99syA/hqdefault.jpg"
"-DwTDC2vqnQ","Don't Be Scared","Lost Echo - Topic","2026-09-23","2025-03-13","3:03","https://i.ytimg.com/vi/-DwTDC2vqnQ/hqdefault.jpg"
"jkAEWh6vowo","Benzi","Finem - Topic","2026-09-23","2024-08-27","2:59","https://i.ytimg.com/vi/jkAEWh6vowo/hqdefault.jpg"
"SXiaVVAUfQc","Habibi","Capital T - Topic","2026-09-23","2023-11-04","2:48","https://i.ytimg.com/vi/SXiaVVAUfQc/hqdefault.jpg"
"JTWiPmAYP0M","Night Drive","Butch U - Topic","2026-09-23","2022-09-15","3:21","https://i.ytimg.com/vi/JTWiPmAYP0M/hqdefault.jpg"
"2NER2WumDKw","Let Me Be Your Home","Country Gold Station - Topic","2026-09-23","2025-11-19","3:32","https://i.ytimg.com/vi/2NER2WumDKw/hqdefault.jpg"
"X6BsokVIWQo","Answered Prayer","De Governor - Topic","2026-09-23","2026-01-14","3:47","https://i.ytimg.com/vi/X6BsokVIWQo/hqdefault.jpg"
"nBj9NLPa2cs","Praise You In This Storm","Casting Crowns - Topic","2026-09-23","2015-09-23","4:58","https://i.ytimg.com/vi/nBj9NLPa2cs/hqdefault.jpg"
"g_49NQI3XTQ","You Say","Lauren Daigle - Topic","2026-09-23","2019-01-08","4:35","https://i.ytimg.com/vi/g_49NQI3XTQ/hqdefault.jpg"
"uCmOtExP5Zw","Temptation (Festum Music Remix Extended)","David DeeJay - Topic","2026-09-23","2023-05-30","4:03","https://i.ytimg.com/vi/uCmOtExP5Zw/hqdefault.jpg"
"_rkl_LM1Z9M","Temptation","David DeeJay - Topic","2026-09-23","2023-03-02","3:30","https://i.ytimg.com/vi/_rkl_LM1Z9M/hqdefault.jpg"
"CIWscyClLxw","Samba","Andreea Banica - Topic","2026-09-23","2023-03-15","3:23","https://i.ytimg.com/vi/CIWscyClLxw/hqdefault.jpg"
"fpIyX_GPyR8","Sexy Thing","David DeeJay - Topic","2026-09-23","2023-03-15","3:13","https://i.ytimg.com/vi/fpIyX_GPyR8/hqdefault.jpg"
"El1xPXLS3Ho","Adelante (Y3mr$ Remix)","Otilia - Topic","2026-09-23","2021-08-31","3:10","https://i.ytimg.com/vi/El1xPXLS3Ho/hqdefault.jpg"
"bro-5-Gv_OQ","You Decorated My Life","Kenny Rogers - Topic","2026-09-23","2017-03-17","3:39","https://i.ytimg.com/vi/bro-5-Gv_OQ/hqdefault.jpg"
"Hz_F4d5uV5g","Shkodrane","BM - Topic","2026-09-23","2026-05-01","3:06","https://i.ytimg.com/vi/Hz_F4d5uV5g/hqdefault.jpg"
"k9okUexgZXk","Gonka","Tedi Aleksandrova - Topic","2026-09-23","2026-04-14","4:31","https://i.ytimg.com/vi/k9okUexgZXk/hqdefault.jpg"
"buW6Nn1bHi0","Мъже милиарди","Desi Slava - Topic","2026-09-23","2022-03-30","3:38","https://i.ytimg.com/vi/buW6Nn1bHi0/hqdefault.jpg"
"D_0eElE0_Jw","Карма","Gabriella - Topic","2026-09-23","2025-04-11","3:21","https://i.ytimg.com/vi/D_0eElE0_Jw/hqdefault.jpg"
"I6NjFPwYw34","Горчиво","Galena - Topic","2026-09-23","2025-04-28","3:23","https://i.ytimg.com/vi/I6NjFPwYw34/hqdefault.jpg"
"_KajpPTqXyA","Da gori v lyubov","Preslava - Topic","2026-09-23","2026-04-17","3:32","https://i.ytimg.com/vi/_KajpPTqXyA/hqdefault.jpg"
"b_uiKU67vX4","Ne me zasluzhavash","Konstantin - Topic","2026-09-23","2026-03-30","3:34","https://i.ytimg.com/vi/b_uiKU67vX4/hqdefault.jpg"
"0YUzaPviHJM","Ти не си за мен","Galena - Topic","2026-09-23","2025-04-28","3:38","https://i.ytimg.com/vi/0YUzaPviHJM/hqdefault.jpg"
"0fuQ84Yy28s","Privacy (Radio Edit)","AlexunderBase - Topic","2026-09-23","2020-05-07","3:22","https://i.ytimg.com/vi/0fuQ84Yy28s/hqdefault.jpg"
"f7P5Q2IIT4U","Dragostea din tei","O-ZONE - Topic","2026-09-23","2018-06-20","3:36","https://i.ytimg.com/vi/f7P5Q2IIT4U/hqdefault.jpg"
"2z_zdeO8Scg","Morena","Tom Boxer - Topic","2026-09-23","2020-05-07","3:35","https://i.ytimg.com/vi/2z_zdeO8Scg/hqdefault.jpg"
"VE3Rn77YnLA","Drums","AlexunderBase - Topic","2026-09-23","2018-06-21","3:01","https://i.ytimg.com/vi/VE3Rn77YnLA/hqdefault.jpg"
"QK1zcw21qWQ","Deja Vu","INNA - Topic","2026-09-23","2020-04-30","4:22","https://i.ytimg.com/vi/QK1zcw21qWQ/hqdefault.jpg"
"qhhKoqGScO0","Tu Amor","Emil Lassaria - Topic","2026-09-23","2016-07-13","3:24","https://i.ytimg.com/vi/qhhKoqGScO0/hqdefault.jpg"
"4giSBm2cEaM","Back in My Life","Fly Project - Topic","2026-09-23","2020-11-27","3:17","https://i.ytimg.com/vi/4giSBm2cEaM/hqdefault.jpg"
"jyXWLj6pCAE","Summer Passion","Mr. Mellow - Topic","2026-09-23","2025-06-03","3:46","https://i.ytimg.com/vi/jyXWLj6pCAE/hqdefault.jpg"
"QdaG6pDOz5A","Bad Romance","Lady Gaga - Topic","2026-09-23","2019-08-22","4:55","https://i.ytimg.com/vi/QdaG6pDOz5A/hqdefault.jpg"
"T_Jqp0mAMzY","World, Hold On (Children Of The Sky)","Bob Sinclar - Topic","2026-09-23","2024-03-13","3:38","https://i.ytimg.com/vi/T_Jqp0mAMzY/hqdefault.jpg"
"fF31cQYnpJk","Baila Morena (feat. Lora)","Mr. Mellow - Topic","2026-09-23","2025-05-08","3:19","https://i.ytimg.com/vi/fF31cQYnpJk/hqdefault.jpg"
"86_NpwqB05o","Desire (Play & Win Radio Edit)","A. Morris - Topic","2026-09-23","2020-04-30","3:35","https://i.ytimg.com/vi/86_NpwqB05o/hqdefault.jpg"
"RHYq00iapc4","Se Thelo","Roller Sis - Topic","2026-09-23","2020-04-30","4:07","https://i.ytimg.com/vi/RHYq00iapc4/hqdefault.jpg"
"S3L5tE6vAY0","That's My Name","Akcent - Topic","2026-09-23","2020-04-30","4:14","https://i.ytimg.com/vi/S3L5tE6vAY0/hqdefault.jpg"
"Y_yB5bDzREA","Amazing (Radio Edit)","INNA - Topic","2026-09-23","2025-08-07","3:28","https://i.ytimg.com/vi/Y_yB5bDzREA/hqdefault.jpg"
"QfWpXOkIF2Y","Amazing","INNA - Topic","2026-09-23","2020-04-23","3:30","https://i.ytimg.com/vi/QfWpXOkIF2Y/hqdefault.jpg"
"XkSx8-HghjM","Mandala","Fly Project - Topic","2026-09-23","2020-05-07","3:37","https://i.ytimg.com/vi/XkSx8-HghjM/hqdefault.jpg"
"T-rYVygoGX0","Düm Tek Tek","Hadise - Topic","2026-09-23","2025-01-10","3:04","https://i.ytimg.com/vi/T-rYVygoGX0/hqdefault.jpg"
"G24jQnh9Eno","Don't Laugh At Me","Mark Wills - Topic","2026-09-23","2018-07-30","3:38","https://i.ytimg.com/vi/G24jQnh9Eno/hqdefault.jpg"
"8GYIncwpcHk","Rezhe, Rezhe","VANE$$A - Topic","2026-09-23","2026-06-03","3:16","https://i.ytimg.com/vi/8GYIncwpcHk/hqdefault.jpg"
"N7Wmv7BQhC0","PRESLAVA - MIX 2018 - 17 GODINI PLANETA TV","PRESLAVA","2026-09-23","2018-12-18","12:25","https://i.ytimg.com/vi/N7Wmv7BQhC0/hqdefault.jpg"
"3P9gbdRkMh4","Backstreet Boys – I Want It That Way (No Goodbyes) [Alternate Version] Millennium 2.0","Remixed by Nick*","2026-09-23","2020-07-16","3:35","https://i.ytimg.com/vi/3P9gbdRkMh4/hqdefault.jpg"
"XCnikeVMIos","I Want It That Way (Alternate Lyrics)","Backstreet Boys - Topic","2026-09-23","2025-07-10","3:35","https://i.ytimg.com/vi/XCnikeVMIos/hqdefault.jpg"
"Fqc9eF36n5w","Life at First Sight","Alexander Stewart - Topic","2026-09-23","2024-06-20","3:22","https://i.ytimg.com/vi/Fqc9eF36n5w/hqdefault.jpg"
"OqJdjCSwDT4","Just Another Woman In Love","Anne Murray - Topic","2026-09-23","2014-11-09","2:57","https://i.ytimg.com/vi/OqJdjCSwDT4/hqdefault.jpg"
"v646QI4aOBg","Poker Face","Lady Gaga - Topic","2026-09-23","2023-11-30","3:59","https://i.ytimg.com/vi/v646QI4aOBg/hqdefault.jpg"
"sWMk8dwljFU","Shake It Off","Taylor Swift - Topic","2026-09-23","2018-11-21","3:40","https://i.ytimg.com/vi/sWMk8dwljFU/hqdefault.jpg"
"ny4o2yLCdio","Breakn' a Sweat","Skrillex - Topic","2026-09-23","2017-04-08","5:02","https://i.ytimg.com/vi/ny4o2yLCdio/hqdefault.jpg"
"OqCuLr6KmF8","Running (Greenjack Remix)","ODYSSAY - Topic","2026-09-23","2023-06-15","4:12","https://i.ytimg.com/vi/OqCuLr6KmF8/hqdefault.jpg"
"kCQFneT5cZA","What You Gonna Do","DRECHSLER - Topic","2026-09-23","2021-10-14","5:29","https://i.ytimg.com/vi/kCQFneT5cZA/hqdefault.jpg"
"IxJjY5T9yag","The Box","Roddy Ricch - Topic","2026-09-23","2019-12-06","3:17","https://i.ytimg.com/vi/IxJjY5T9yag/hqdefault.jpg"
"TaQwW5eQZeY","How We Do","The Game - Topic","2026-09-23","2018-07-24","3:56","https://i.ytimg.com/vi/TaQwW5eQZeY/hqdefault.jpg"
"k7P9FVUBm4Y","Snap Yo Fingers","Lil Jon - Topic","2026-09-23","2015-06-23","4:35","https://i.ytimg.com/vi/k7P9FVUBm4Y/hqdefault.jpg"
"wDQR0-3fFWs","Whatever You Like","T.I. - Topic","2026-09-23","2017-08-02","4:10","https://i.ytimg.com/vi/wDQR0-3fFWs/hqdefault.jpg"
"pNPf-aP-bsA","I'll Be Missing You (feat. Faith Evans, 112)","Diddy - Topic","2026-09-23","2017-04-30","5:02","https://i.ytimg.com/vi/pNPf-aP-bsA/hqdefault.jpg"
"0HlYIx1LDmU","Lean Back","Terror Squad - Topic","2026-09-23","2018-12-12","4:08","https://i.ytimg.com/vi/0HlYIx1LDmU/hqdefault.jpg"
"Mx2_qGupJEk","Ice Ice Baby (Radio Edit)","Vanilla Ice - Topic","2026-09-23","2020-01-09","3:52","https://i.ytimg.com/vi/Mx2_qGupJEk/hqdefault.jpg"
"qTT1wlXOIiA","(Everything I Do) I Do It For You (Classic Version)","Bryan Adams - Topic","2026-09-23","2026-01-22","6:28","https://i.ytimg.com/vi/qTT1wlXOIiA/hqdefault.jpg"
"r5MR7_INQwg","The Real Slim Shady","Eminem - Topic","2026-09-23","2018-07-31","4:45","https://i.ytimg.com/vi/r5MR7_INQwg/hqdefault.jpg"
"o3qeYZiSt1c","Right Here Waiting","DJ Alex Man - Topic","2026-09-23","2023-10-24","3:13","https://i.ytimg.com/vi/o3qeYZiSt1c/hqdefault.jpg"
"I1_rxNDZpxU","Love Not War (The Tampa Beat)","Jason Derulo - Topic","2026-09-23","2024-02-15","3:12","https://i.ytimg.com/vi/I1_rxNDZpxU/hqdefault.jpg"
"EPUhAJwYNEk","A Partir De Hoy","David Bisbal - Topic","2026-09-23","2020-01-02","3:17","https://i.ytimg.com/vi/EPUhAJwYNEk/hqdefault.jpg"
"dlObDivWgx8","Call Me Maybe","Carly Rae Jepsen - Topic","2026-09-23","2018-07-28","3:14","https://i.ytimg.com/vi/dlObDivWgx8/hqdefault.jpg"
"O596XpES1rI","Un-Break My Heart","Toni Braxton - Topic","2026-09-23","2017-02-20","4:31","https://i.ytimg.com/vi/O596XpES1rI/hqdefault.jpg"
"Voo86mlxZvA","Always Remember Us This Way","Lady Gaga - Topic","2026-09-23","2018-10-04","3:31","https://i.ytimg.com/vi/Voo86mlxZvA/hqdefault.jpg"
"28jp-30w8Lg","Paparazzi","Lady Gaga - Topic","2026-09-23","2018-07-31","3:29","https://i.ytimg.com/vi/28jp-30w8Lg/hqdefault.jpg"
"oG-4Uvhm4lI","Poker Face","Lady Gaga - Topic","2026-09-23","2018-07-31","3:58","https://i.ytimg.com/vi/oG-4Uvhm4lI/hqdefault.jpg"
"Eh-jjV3_G3Q","Codigo","George Strait - Topic","2026-09-23","2019-03-28","3:14","https://i.ytimg.com/vi/Eh-jjV3_G3Q/hqdefault.jpg"
"htafuWVhZJc","Let's Fall To Pieces Together","George Strait - Topic","2026-09-23","2018-07-26","2:56","https://i.ytimg.com/vi/htafuWVhZJc/hqdefault.jpg"
"3Uxq9NbnFWY","You'll Be There","George Strait - Topic","2026-09-23","2018-07-29","4:18","https://i.ytimg.com/vi/3Uxq9NbnFWY/hqdefault.jpg"
"ERbnRfPN8jE","True","George Strait - Topic","2026-09-23","2018-07-30","3:34","https://i.ytimg.com/vi/ERbnRfPN8jE/hqdefault.jpg"
"-aPnAxIcUmQ","I've Come To Expect It From You","George Strait - Topic","2026-09-23","2018-07-26","3:45","https://i.ytimg.com/vi/-aPnAxIcUmQ/hqdefault.jpg"
"AdeZWbDYwsE","I Met A Friend Of Yours Today","George Strait - Topic","2026-09-23","2018-07-30","3:17","https://i.ytimg.com/vi/AdeZWbDYwsE/hqdefault.jpg"
"VtvCFW6ZwSM","Adalida","George Strait - Topic","2026-09-23","2018-07-30","3:37","https://i.ytimg.com/vi/VtvCFW6ZwSM/hqdefault.jpg"
"-n9DAaRKtsM","Check Yes Or No","George Strait - Topic","2026-09-23","2018-12-01","3:21","https://i.ytimg.com/vi/-n9DAaRKtsM/hqdefault.jpg"
"-hz-JbX4M_M","Every Little Honky Tonk Bar","George Strait - Topic","2026-09-23","2019-03-28","3:15","https://i.ytimg.com/vi/-hz-JbX4M_M/hqdefault.jpg"
"OCb7_8mu3mM","The Seashores Of Old Mexico","George Strait - Topic","2026-09-23","2018-07-30","4:12","https://i.ytimg.com/vi/OCb7_8mu3mM/hqdefault.jpg"
"hUFLFIrZStU","Carrying Your Love With Me (Edit)","George Strait - Topic","2026-09-23","2019-01-19","3:08","https://i.ytimg.com/vi/hUFLFIrZStU/hqdefault.jpg"
"ajk92ITp_Bw","The Cowboy Rides Away","George Strait - Topic","2026-09-23","2018-07-26","3:22","https://i.ytimg.com/vi/ajk92ITp_Bw/hqdefault.jpg"
"5ueM6GkIUBs","I Love the Way You Love Me","Walker Montgomery - Topic","2026-09-23","2024-09-12","3:56","https://i.ytimg.com/vi/5ueM6GkIUBs/hqdefault.jpg"
"2ibheKwm24s","A New Day Has Come","Céline Dion - Topic","2026-09-23","2024-06-20","3:59","https://i.ytimg.com/vi/2ibheKwm24s/hqdefault.jpg"
"GAAJLWVhK04","The Power of Love","Céline Dion - Topic","2026-09-23","2024-06-20","5:45","https://i.ytimg.com/vi/GAAJLWVhK04/hqdefault.jpg"
"Y9QFTAw4fA4","Goodness of God","Release - Topic","2026-09-23","2019-01-24","4:57","https://i.ytimg.com/vi/Y9QFTAw4fA4/hqdefault.jpg"
"SX45WtYryT0","The Next Time I Fall (with Amy Grant)","Peter Cetera - Topic","2026-09-23","2014-11-08","3:47","https://i.ytimg.com/vi/SX45WtYryT0/hqdefault.jpg"
"Odb7WG-R5uM","Pair Of Boots","Luke Bryan - Topic","2026-09-23","2024-09-26","3:24","https://i.ytimg.com/vi/Odb7WG-R5uM/hqdefault.jpg"
"QJPhjOeJkNQ","Loreen Tattoo Remix B Jones - Tomorrowland Belgium 2023","B Jones","2026-09-23","2023-09-06","3:57","https://i.ytimg.com/vi/QJPhjOeJkNQ/hqdefault.jpg"
"pRIZohFFOMo","Someone You Loved","Lewis Capaldi - Topic","2026-09-23","2019-05-16","3:03","https://i.ytimg.com/vi/pRIZohFFOMo/hqdefault.jpg"
"rOWiNSH9tOI","Always Remember Us This Way","Dana Winner - Topic","2026-09-23","2023-12-07","3:19","https://i.ytimg.com/vi/rOWiNSH9tOI/hqdefault.jpg"
"40H9mpkkaz0","Shayne Ward - Stand by Me (Video)","ShayneWardVEVO","2026-09-23","2009-10-25","4:40","https://i.ytimg.com/vi/40H9mpkkaz0/hqdefault.jpg"
"_ZEwhLUQirA","Way Maker","Caleb and Kelsey - Topic","2026-09-23","2022-03-17","3:15","https://i.ytimg.com/vi/_ZEwhLUQirA/hqdefault.jpg"
"DPaqlPFznBI","A Bar Song (Tipsy)","Shaboozey - Topic","2026-09-23","2024-05-31","2:52","https://i.ytimg.com/vi/DPaqlPFznBI/hqdefault.jpg"
"rQrcFFffpbg","Kamala Medley","Chris Mann - Topic","2026-09-23","2024-09-25","6:36","https://i.ytimg.com/vi/rQrcFFffpbg/hqdefault.jpg"
"1D2fehCiTKk","Окадар","DJ Damyan - Topic","2026-09-23","2024-05-25","4:05","https://i.ytimg.com/vi/1D2fehCiTKk/hqdefault.jpg"
"ZHku2tjGZeg","Jake - Goodnight Rubber Duck (Kris Kristofferson Tribute)","Jason Houghton","2026-09-23","2024-09-30","2:53","https://i.ytimg.com/vi/ZHku2tjGZeg/hqdefault.jpg"
"QQXZyf0OJpI","22","Taylor Swift - Topic","2026-09-23","2018-12-12","3:53","https://i.ytimg.com/vi/QQXZyf0OJpI/hqdefault.jpg"
"rXxRBLA5MdM","Love Me With All Your Heart (Cuando Calienta El Sol)","Engelbert Humperdinck - Topic","2026-09-23","2022-04-21","3:20","https://i.ytimg.com/vi/rXxRBLA5MdM/hqdefault.jpg"
"S3k_l4Ew4vU","You Needed Me","Anne Murray - Topic","2026-09-23","2017-02-11","3:41","https://i.ytimg.com/vi/S3k_l4Ew4vU/hqdefault.jpg"
"f1De87ETXwo","Nothing's Gonna Change My Love for You","George Benson - Topic","2026-09-23","2017-07-27","4:03","https://i.ytimg.com/vi/f1De87ETXwo/hqdefault.jpg"
"x0s3uLElYDY","N’qarkullim","FaTTi - Topic","2026-09-23","2024-01-22","2:33","https://i.ytimg.com/vi/x0s3uLElYDY/hqdefault.jpg"
"KIoSljJhYVY","Medalioni","Noizy - Topic","2026-09-23","2026-05-08","3:12","https://i.ytimg.com/vi/KIoSljJhYVY/hqdefault.jpg"
"MgxuqLIqcaM","Cllevio - 44 Nostradamus","Cllevio Masoni 44 Official","2026-09-23","2024-03-07","2:43","https://i.ytimg.com/vi/MgxuqLIqcaM/hqdefault.jpg"
"csdtuz0HgjQ","Unbreak My Heart (Radio Edit)","Dj Dark - Topic","2026-09-23","2024-03-19","3:38","https://i.ytimg.com/vi/csdtuz0HgjQ/hqdefault.jpg"
"rjHhzcy_v_s","Lost in Your Eyes","Debbie Gibson - Topic","2026-09-23","2017-03-13","3:36","https://i.ytimg.com/vi/rjHhzcy_v_s/hqdefault.jpg"
"3klwurH7Du4","You Decorated My Life","Kenny Rogers - Topic","2026-09-23","2017-05-23","3:41","https://i.ytimg.com/vi/3klwurH7Du4/hqdefault.jpg"
"FJLXcgYPHOY","Моята принцеса","Konstantin - Topic","2026-09-23","2024-07-18","2:51","https://i.ytimg.com/vi/FJLXcgYPHOY/hqdefault.jpg"
"lh32IL94VnU","Mrasnica","Azis - Topic","2026-09-23","2026-05-17","3:46","https://i.ytimg.com/vi/lh32IL94VnU/hqdefault.jpg"
"Ulgsd45DEaU","Beden v sartseto","Preslava - Topic","2026-09-23","2026-04-14","3:45","https://i.ytimg.com/vi/Ulgsd45DEaU/hqdefault.jpg"
"YlXemhJK1Cs","I'll Never Love This Way Again","Dionne Warwick - Topic","2026-09-23","2018-04-12","3:32","https://i.ytimg.com/vi/YlXemhJK1Cs/hqdefault.jpg"
"RpLHgHDFg5Q","Forever","Regine Velasquez - Topic","2026-09-23","2025-10-23","4:01","https://i.ytimg.com/vi/RpLHgHDFg5Q/hqdefault.jpg"
"u9BJUe6i7pI","Maybe This Time","Michael Martin Murphey - Topic","2026-09-23","2023-02-09","3:17","https://i.ytimg.com/vi/u9BJUe6i7pI/hqdefault.jpg"
"OK4qE89oW04","Exchange of Hearts","David Slater - Topic","2026-09-23","2017-07-14","3:35","https://i.ytimg.com/vi/OK4qE89oW04/hqdefault.jpg"
"P30CR7v7c5w","Skyline Pigeon (Piano Version)","Elton John - Topic","2026-09-23","2018-12-12","3:57","https://i.ytimg.com/vi/P30CR7v7c5w/hqdefault.jpg"
"8noF9djRNzI","The Power of Love","Céline Dion - Topic","2026-09-23","2024-06-20","5:45","https://i.ytimg.com/vi/8noF9djRNzI/hqdefault.jpg"
"SAohR5ebYz0","Hard to Say I'm Sorry (2007 Remaster)","Chicago - Topic","2026-09-23","2018-10-17","3:44","https://i.ytimg.com/vi/SAohR5ebYz0/hqdefault.jpg"
"Siz-xBfIqpg","My Heart Will Go On (Love Theme from ""Titanic"")","Céline Dion - Topic","2026-09-23","2019-09-26","4:40","https://i.ytimg.com/vi/Siz-xBfIqpg/hqdefault.jpg"
"0ZnURckdcyo","Heaven (Classic Version)","Bryan Adams - Topic","2026-09-23","2026-01-22","4:24","https://i.ytimg.com/vi/0ZnURckdcyo/hqdefault.jpg"
"LwkrXybZ1uo","I Want It That Way","Backstreet Boys - Topic","2026-09-23","2017-01-25","3:34","https://i.ytimg.com/vi/LwkrXybZ1uo/hqdefault.jpg"
"EI7wViL2t4s","Through The Years","Kenny Rogers - Topic","2026-09-23","2018-09-27","4:23","https://i.ytimg.com/vi/EI7wViL2t4s/hqdefault.jpg"
"9OfoTaLXrUo","Say You, Say Me","Lionel Richie - Topic","2026-09-23","2018-07-31","4:02","https://i.ytimg.com/vi/9OfoTaLXrUo/hqdefault.jpg"
"1eQWdpWjXlk","Glory of Love","Peter Cetera - Topic","2026-09-23","2016-07-13","4:19","https://i.ytimg.com/vi/1eQWdpWjXlk/hqdefault.jpg"
"ytpdce0X-Do","If I Ever Fall in Love Again (Duet with Anne Murray)","Kenny Rogers - Topic","2026-09-23","2017-07-27","3:40","https://i.ytimg.com/vi/ytpdce0X-Do/hqdefault.jpg"